header_update,time,theta
27:36.7,273.5128626,
27:38.4,284.8516974,
27:38.4,283.7115114,
27:38.5,283.0984465,
27:38.5,281.6889704,
27:38.6,281.5113534,
27:38.6,281.6030267,
27:38.7,280.2852238,
27:38.7,280.8982886,
27:38.8,280.1076068,
27:38.8,280.8123449,
27:38.8,280.7206717,
27:38.9,280.4571111,
27:38.9,280.9842323,
27:39.0,280.8123449,
27:39.0,280.8982886,
27:39.1,280.9842323,
27:39.1,280.9842323,
27:39.2,281.2477929,
27:39.2,281.2477929,
27:39.3,281.4254098,
27:39.3,281.5113534,
27:39.4,281.6889704,
27:39.4,281.6030267,
27:39.5,281.5113534,
27:39.5,281.1618492,
27:39.6,280.9842323,
27:39.6,280.5487843,
27:39.7,280.2852238,
27:39.7,279.6664293,
27:39.7,279.4028688,
27:39.8,278.9674208,
27:39.8,278.7038602,
27:39.9,278.8757476,
27:39.9,278.8757476,
27:40.0,279.2309814,
27:40.0,279.4028688,
27:40.1,279.494542,
27:40.1,279.494542,
27:40.2,279.7581026,
27:40.2,279.6664293,
27:40.3,279.8440463,
27:40.3,280.0216632,
27:40.3,280.1935505,
27:40.4,280.4571111,
27:40.4,280.5487843,
27:40.5,280.634728,
27:40.5,280.634728,
27:40.6,280.4571111,
27:40.6,280.4571111,
27:40.7,280.4571111,
27:40.7,280.4571111,
27:40.8,280.3711674,
27:40.8,280.4571111,
27:40.9,280.634728,
27:40.9,280.7206717,
27:41.0,280.5487843,
27:41.0,280.634728,
27:41.1,280.7206717,
27:41.1,280.634728,
27:41.2,280.4571111,
27:41.2,280.634728,
27:41.2,280.5487843,
27:41.3,280.7206717,
27:41.3,280.8982886,
27:41.4,280.9842323,
27:41.4,280.9842323,
27:41.5,280.8982886,
27:41.5,280.8123449,
27:41.6,280.9842323,
27:41.6,280.7206717,
27:41.7,280.7206717,
27:41.7,280.8982886,
27:41.8,280.8982886,
27:41.8,280.8123449,
27:41.9,280.7206717,
27:41.9,280.8123449,
27:41.9,280.5487843,
27:42.0,280.5487843,
27:42.0,280.4571111,
27:42.1,280.4571111,
27:42.1,280.2852238,
27:42.2,280.3711674,
27:42.2,280.3711674,
27:42.3,280.2852238,
27:42.3,280.4571111,
27:42.4,280.4571111,
27:42.4,280.2852238,
27:42.5,280.5487843,
27:42.5,280.5487843,
27:42.5,280.4571111,
27:42.6,280.634728,
27:42.7,280.5487843,
27:42.7,280.5487843,
27:42.7,280.3711674,
27:42.8,280.3711674,
27:42.8,280.1935505,
27:42.9,280.2852238,
27:42.9,280.3711674,
27:43.0,280.4571111,
27:43.0,280.4571111,
27:43.1,280.3711674,
27:43.1,280.3711674,
27:43.2,280.2852238,
27:43.2,280.2852238,
27:43.3,280.1935505,
27:43.3,280.2852238,
27:43.4,280.2852238,
27:43.4,280.2852238,
27:43.4,280.1935505,
27:43.5,280.1935505,
27:43.5,280.1076068,
27:43.6,280.1076068,
27:43.6,279.9299899,
27:43.7,279.8440463,
27:43.7,280.0216632,
27:43.8,280.0216632,
27:43.8,280.1935505,
27:43.9,280.0216632,
27:43.9,280.9842323,
27:44.0,282.657269,-24.74
27:44.0,281.3394661,5.89
27:44.1,281.1618492,1.72
27:44.1,282.3020352,-17.98
27:44.1,281.2477929,5.54
27:44.2,280.8123449,-15.91
27:44.2,281.6889704,-13.76
27:44.3,280.5487843,8.38
27:44.3,280.8123449,-22.16
27:44.4,282.0384746,-22.16
27:44.4,281.3394661,-14.75
27:44.5,279.8440463,-1.92
27:44.5,282.2160915,-28.19
27:44.6,281.6889704,-11.98
27:44.6,281.0759055,-5.72
27:44.7,281.2477929,-30.38
27:44.7,281.1618492,-10.47
27:44.8,282.3020352,-17.13
27:44.8,281.6030267,-14.2
27:44.8,280.3711674,-16.67
27:44.9,281.4254098,-19
27:45.0,280.9842323,-4.61
27:45.0,281.5113534,-28.69
27:45.0,282.1301479,-13.46
27:45.1,281.3394661,-13.46
27:45.1,281.5113534,-28.31
27:45.2,282.2160915,-28.31
27:45.2,281.5113534,-12.84
27:45.3,281.2477929,-19.64
27:45.3,280.9842323,-24.95
27:45.4,280.7206717,-17.13
27:45.4,282.3937084,-17.51
27:45.5,280.8123449,-9.31
27:45.5,281.1618492,-28.72
27:45.6,281.6889704,-21.2
27:45.6,280.8982886,-10.47
27:45.6,280.9842323,-31.4
27:45.7,282.0384746,-31.4
27:45.7,281.6030267,-21.45
27:45.8,281.1618492,-14.39
27:45.8,280.9842323,-29.89
27:45.9,280.8123449,-22.45
27:45.9,280.634728,-16.22
27:46.0,281.774914,-25.5
27:46.0,281.9525309,-25.2
27:46.1,280.634728,-11.03
27:46.1,279.9299899,-20.33
27:46.2,281.4254098,-30.45
27:46.2,282.2160915,-24.56
27:46.3,280.8982886,-7.52
27:46.3,280.1935505,-7.52
27:46.4,281.0759055,-29.43
27:46.4,282.1301479,-31.12
27:46.5,280.8982886,-16.06
27:46.5,280.9842323,-24.62
27:46.5,281.6030267,-34.51
27:46.6,281.4254098,-23.92
27:46.6,281.5113534,-20.59
27:46.7,281.2477929,-27.27
27:46.7,280.9842323,-23.38
27:46.8,280.8982886,-21.4
27:46.8,281.1618492,-30.89
27:46.9,281.6030267,-23.97
27:46.9,281.3394661,-23.97
27:47.0,281.0759055,-22.94
27:47.0,281.5113534,-30.6
27:47.1,281.3394661,-28.69
27:47.1,281.2477929,-22.06
27:47.1,281.4254098,-27.39
27:47.2,281.4254098,-25.63
27:47.2,281.4254098,-31.4
27:47.3,281.0759055,-19.87
27:47.3,281.4254098,-30.57
27:47.4,281.6030267,-32.53
27:47.4,281.4254098,-25.45
27:47.5,280.8982886,-24.08
27:47.5,280.634728,-29.57
27:47.6,281.1618492,-29.57
27:47.6,280.9842323,-30.45
27:47.7,281.774914,-30.95
27:47.7,281.0759055,-26.08
27:47.8,280.9842323,-26.08
27:47.8,281.0759055,-30.82
27:47.8,281.4254098,-30.53
27:47.9,281.3394661,-28.31
27:47.9,280.8982886,-27.39
27:48.0,280.5487843,-32.27
27:48.0,280.4571111,-31.02
27:48.2,280.634728,-30.82
27:48.2,280.4571111,-31.25
27:48.3,280.3711674,-31.25
27:48.3,280.5487843,-32.43
27:48.4,280.0216632,-31.74
27:48.4,280.1935505,-32.19
27:48.5,279.4028688,-28.48
27:48.5,279.5804857,-32.9
27:48.6,278.9674208,-28.41
27:48.6,278.4402997,-28.48
27:48.6,277.8215052,-30.64
27:48.7,276.9448798,-29.65
27:48.7,275.3635163,-31.4
27:48.8,272.3726766,-28.69
27:48.8,267.7145297,-31.56
27:48.9,262.0021405,-29.43
27:48.9,256.0261907,-29.43
27:49.0,248.5548211,-30.95
27:49.0,239.2385273,-31.16
27:49.1,227.0230671,-29.35
27:49.1,217.8786607,-29.35
27:49.2,208.8259276,-29.65
27:49.2,199.6013071,-31.38
27:49.3,190.370957,-30.54
27:49.3,181.4041675,-28.04
27:49.4,172.4431076,-29.75
27:49.4,162.5080194,-29.14
27:49.4,154.1600243,-28.24
27:49.5,146.0755898,-29.68
27:49.5,137.194744,-32.03
27:49.6,129.729104,-29.86
27:49.6,122.5212949,-29.86
27:49.7,116.980793,-31.39
27:49.7,112.1507588,-31.81
27:49.8,109.8646572,-29.99
27:49.8,109.5094234,-29.76
27:49.9,111.360077,-31.49
27:49.9,116.1901113,-30.57
27:50.0,122.5212949,-30.54
27:50.0,129.8150476,-29.71
27:50.0,139.394902,-30.64
27:50.1,148.3616915,-28.59
27:50.1,158.2051064,-27.86
27:50.2,172.2654907,-28.06
27:50.3,184.1314466,-26.91
27:50.3,197.3152055,-27.99
27:50.4,207.244564,-27.79
27:50.4,214.9794943,-31.48
27:50.5,220.8695004,-30.91
27:50.5,225.8771515,-30.75
27:50.5,230.2717378,-30.89
27:50.6,236.0758003,-32.6
27:50.6,242.0517501,-31.8
27:50.7,248.9043253,-28.5
27:50.7,257.5216106,-28.5
27:50.8,266.3967268,-31.81
27:50.8,276.1541981,-33.39
27:50.9,285.2928749,-30.72
27:50.9,293.5549263,-7.54
27:51.0,298.5625774,21.78
27:51.0,304.0114061,30.08
27:51.1,309.8154685,30.72
27:51.1,315.2642972,31.09
27:51.1,321.1543033,32.03
27:51.2,326.9526362,29.87
27:51.2,331.1696055,31.53
27:51.3,335.0370707,31.53
27:51.3,337.6784061,29.5
27:51.4,340.2223387,31.16
27:51.4,342.6860572,29.95
27:51.5,343.8262432,31.4
27:51.5,343.2991221,30.3
27:51.6,341.1906374,30.6
27:51.6,337.8502934,32.6
27:51.7,333.0202592,31.89
27:51.7,327.9209348,30.72
27:51.8,321.1543033,32.35
27:51.8,316.0549789,33.47
27:51.8,309.374291,31.72
27:51.9,302.87122,29.83
27:51.9,295.0503461,29.83
27:52.0,286.7882947,31.72
27:52.0,278.8757476,31.96
27:52.1,274.3952176,16.63
27:52.1,271.6679385,-16.14
27:52.2,269.8230144,-29.8
27:52.2,266.923848,-30.82
27:52.3,264.0246815,-31.81
27:52.3,259.6300953,-31.81
27:52.4,255.4073963,-29.72
27:52.4,251.5456608,-30.68
27:52.5,248.732438,-32.03
27:52.5,247.7641393,-32.42
27:52.6,248.1136436,-32.43
27:52.6,249.2595592,-32.43
27:52.6,251.3680438,-31.42
27:52.7,253.917706,-31.02
27:52.7,256.9028161,-31.42
27:52.8,259.6300953,-31.96
27:52.8,261.9161969,-29.35
27:52.9,263.1423265,-29.72
27:52.9,264.5518027,-31.57
27:53.0,265.6919887,-31.42
27:53.0,266.923848,-31.67
27:53.1,267.8921467,-30.16
27:53.1,268.6828284,-32.03
27:53.2,269.3875665,-31.4
27:53.2,269.5594538,-31.4
27:53.3,269.2099496,-31.02
27:53.3,269.2958933,-31.6
27:53.4,269.1182763,-31.6
27:53.4,268.946389,-31.65
27:53.4,267.9780903,-30.68
27:53.5,267.6285861,-31.4
27:53.5,267.4509692,-31.42
27:53.6,267.1014649,-31.72
27:53.6,266.923848,-29.65
27:53.7,266.923848,-29.57
27:53.7,267.1874086,-34.01
27:53.8,267.1014649,-32.03
27:53.8,267.0097917,-29.65
27:53.9,266.7462311,-31.17
27:53.9,266.6602874,-31.17
27:54.0,266.4826705,-30.64
27:54.0,266.5743437,-32.43
27:54.0,266.7462311,-29.7
27:54.1,267.2733522,-31.17
27:54.2,267.8004734,-29.14
27:54.2,268.064034,-28.62
27:54.2,268.3275946,-31.4
27:54.3,268.1557072,-30.79
27:54.3,268.064034,-31.65
27:54.4,268.064034,-29.72
27:54.4,269.3875665,-29.5
27:54.5,271.4960512,-31.33
27:54.5,274.5728345,-29.65
27:54.6,277.472001,-31.64
27:54.6,280.1076068,-31.64
27:54.7,282.657269,-32.27
27:54.7,282.3937084,-13.32
27:54.8,280.634728,17.16
27:54.8,282.0384746,-10.98
27:54.9,280.8982886,2.85
27:54.9,280.9842323,7.58
27:54.9,282.5655958,-16.16
27:55.0,281.2477929,14.97
27:55.0,282.0384746,-17.47
27:55.1,281.2477929,20.88
27:55.1,279.1393082,-1.35
27:55.2,281.8665873,-23.16
27:55.2,282.834886,-23.16
27:55.3,280.7206717,14.62
27:55.3,281.5113534,0.86
27:55.4,282.1301479,-16.75
27:55.4,280.9842323,16.1
27:55.5,282.0384746,-19.08
27:55.5,281.0759055,12.31
27:55.6,280.8123449,-2.83
27:55.6,282.9208296,-10.44
27:55.6,280.9842323,1.89
27:55.7,281.774914,-12.37
27:55.7,281.3394661,16.75
27:55.8,280.8123449,16.75
27:55.8,282.2160915,-22.5
27:55.9,279.9299899,2.77
27:55.9,281.4254098,2.77
27:56.0,282.3937084,-19.84
27:56.0,281.1618492,5.74
27:56.1,281.9525309,-6.86
27:56.1,283.975072,-13.7
27:56.2,280.8123449,14.06
27:56.2,280.0216632,2.79
27:56.3,282.3937084,-24.56
27:56.3,283.0984465,-3.81
27:56.4,280.7206717,16.22
27:56.4,281.6889704,-19.93
27:56.4,282.2160915,-19.93
27:56.5,280.8123449,-1.88
27:56.5,281.4254098,0.45
27:56.6,283.1843902,-21.5
27:56.6,281.0759055,13.03
27:56.7,281.8665873,-10.52
27:56.7,282.3937084,-13.19
27:56.8,280.4571111,2.79
27:56.8,281.9525309,-16.8
27:56.9,281.8665873,6.69
27:56.9,280.8982886,-8.56
27:57.0,282.3937084,-23.85
27:57.0,281.5113534,16.23
27:57.1,279.9299899,16.23
27:57.1,282.3937084,-18.02
27:57.1,280.8123449,-7.67
27:57.2,281.6889704,-1.78
27:57.2,282.3937084,-18.84
27:57.3,280.9842323,-0.86
27:57.3,280.634728,-1.86
27:57.4,282.834886,-19.74
27:57.4,281.1618492,3.8
27:57.5,281.8665873,-21.78
27:57.5,280.7206717,6.6
27:57.6,280.7206717,-8.39
27:57.6,282.1301479,-26.02
27:57.7,282.1301479,12.31
27:57.7,279.3169251,-8.58
27:57.8,281.6030267,-8.58
27:57.8,281.8665873,-28.51
27:57.9,281.3394661,0.95
27:57.9,281.774914,-15.75
27:57.9,280.7206717,-10.09
27:58.0,279.5804857,-0.95
27:58.0,281.8665873,-20.99
27:58.1,282.3937084,-11.31
27:58.1,280.8982886,3.44
27:58.2,281.4254098,-22.36
27:58.2,282.3020352,0.85
27:58.3,280.3711674,-14.52
27:58.3,281.6889704,-14.52
27:58.4,281.2477929,-18.75
27:58.4,281.8665873,-0.95
27:58.5,281.6030267,-8.46
27:58.5,280.8123449,-5.67
27:58.6,281.774914,-25.9
27:58.6,281.774914,-3.37
27:58.6,281.0759055,-9.24
27:58.7,282.2160915,-27.33
27:58.7,281.0759055,10.39
27:58.8,280.3711674,-19.93
27:58.8,281.6030267,-21.78
27:58.9,280.8123449,-1.69
27:58.9,280.9842323,-25.13
27:59.0,282.0384746,-25.13
27:59.0,279.7581026,-3.74
27:59.1,280.2852238,-4.61
27:59.1,281.3394661,-21.51
27:59.2,283.2703339,-32.58
27:59.2,280.8982886,0.92
27:59.3,281.1618492,-11.01
27:59.3,281.8665873,-29.79
27:59.3,280.8982886,-2.83
27:59.4,279.1393082,-7.61
27:59.4,281.8665873,-27.67
27:59.5,281.8665873,-26.32
27:59.5,280.2852238,12.91
27:59.6,280.2852238,-17.08
27:59.6,280.1935505,-17.08
27:59.7,281.9525309,-28.76
27:59.7,280.8982886,10.25
27:59.8,279.0533645,10.25
27:59.8,280.7206717,-22.26
27:59.9,282.0384746,-28.38
27:59.9,280.9842323,-12.84
28:00.0,278.5262433,-3.68
28:00.0,279.9299899,-22.34
28:00.1,281.1618492,-29.07
28:00.1,281.9525309,-19.36
28:00.2,280.8982886,-18.48
28:00.2,281.774914,-24.5
28:00.2,281.6889704,-9.42
28:00.3,281.3394661,-26.8
28:00.3,282.2160915,-17
28:00.4,280.4571111,-20.48
28:00.4,281.4254098,-20.48
28:00.5,281.3394661,-29.1
28:00.5,281.1618492,-12.78
28:00.6,281.8665873,-22.9
28:00.6,281.6889704,-16.14
28:00.7,280.0216632,-16.22
28:00.7,281.5113534,-25.94
28:00.8,281.6889704,-19.93
28:00.8,281.2477929,-19.88
28:00.8,280.8982886,-24.95
28:00.9,281.6889704,-15
28:00.9,280.8123449,-22.34
28:01.0,281.5113534,-22.34
28:01.0,281.6030267,-28.55
28:01.1,281.6030267,-22.02
28:01.1,280.0216632,-13.93
28:01.2,281.6889704,-30.72
28:01.2,281.6030267,-20.48
28:01.3,281.3394661,-21.41
28:01.3,281.1618492,-30.38
28:01.4,280.5487843,-11.12
28:01.4,281.4254098,-25.63
28:01.5,281.5113534,-30.87
28:01.5,280.9842323,-23.5
28:01.6,281.3394661,-17.95
28:01.6,282.0384746,-30.1
28:01.7,281.4254098,-25.25
28:01.7,281.3394661,-21.41
28:01.7,280.634728,-21.41
28:01.8,280.4571111,-12.04
28:01.8,280.9842323,-29.57
28:01.9,281.6889704,-30.1
28:01.9,281.8665873,-24.66
28:02.0,280.8982886,-18.13
28:02.0,281.3394661,-28.62
28:02.1,281.0759055,-24.87
28:02.1,281.774914,-22.75
28:02.2,280.9842323,-27.67
28:02.2,280.9842323,-27.33
28:02.3,281.5113534,-22.41
28:02.3,280.7206717,-22.41
28:02.3,281.3394661,-26.84
28:02.4,281.1618492,-29.35
28:02.4,281.6889704,-26.45
28:02.5,280.8123449,-29.57
28:02.5,281.2477929,-28.98
28:02.6,281.6889704,-26.94
28:02.6,280.8982886,-25.45
28:02.7,281.0759055,-30.03
28:02.7,281.3394661,-23.86
28:02.8,281.3394661,-29.8
28:02.8,281.2477929,-29.86
28:02.9,281.0759055,-27.53
28:02.9,281.6889704,-27.66
28:03.0,281.1618492,-30.95
28:03.0,281.2477929,-28.65
28:03.1,281.4254098,-29.28
28:03.1,281.3394661,-29.28
28:03.2,281.4254098,-26.8
28:03.2,281.0759055,-27.46
28:03.2,281.5113534,-29.57
28:03.3,281.4254098,-30.38
28:03.3,281.8665873,-28.19
28:03.4,280.8123449,-26.72
28:03.4,280.7206717,-31.02
28:03.5,280.5487843,-29.43
28:03.5,280.5487843,-31.33
28:03.6,280.8982886,-32.82
28:03.6,280.634728,-32.82
28:03.7,280.634728,-28.98
28:03.7,280.2852238,-31.42
28:03.8,280.5487843,-31.42
28:03.8,280.2852238,-32.35
28:03.9,280.0216632,-30.23
28:03.9,280.0216632,-30.2
28:04.0,279.5804857,-31.09
28:04.0,279.4028688,-30.53
28:04.0,278.8757476,-29.8
28:04.1,278.4402997,-30.82
28:04.1,277.9074489,-30.72
28:04.2,277.472001,-32.74
28:04.2,276.8532066,-29.64
28:04.3,275.8906375,-31.88
28:04.3,275.0082825,-30.87
28:04.4,274.3952176,-30.87
28:04.4,273.3409753,-32.43
28:04.5,271.7596118,-31.65
28:04.5,270.3501356,-30.49
28:04.6,268.6828284,-30.23
28:04.6,266.923848,-32.19
28:04.6,264.7294196,-32.43
28:04.7,262.1797574,-31.67
28:04.7,258.7477402,-32.43
28:04.8,255.4990695,-33.39
28:04.8,251.7175481,-30.45
28:04.9,246.709897,-30.71
28:04.9,241.5246289,-31.02
28:05.0,235.5486791,-30.45
28:05.0,228.0773095,-30.45
28:05.1,219.7293144,-29.72
28:05.1,210.584908,-31.8
28:05.2,198.5470647,-31.33
28:05.2,183.9538297,-29.15
28:05.3,169.8934454,-28.19
28:05.3,157.9415458,-28.58
28:05.4,146.8662716,-28.04
28:05.4,145.6344123,-29.56
28:05.4,120.2351933,-30
28:05.5,105.9055188,-30.72
28:05.5,91.49563029,-30.32
28:05.6,79.71561803,-29.79
28:05.6,69.08152135,-29.86
28:05.7,57.21556541,-29.76
28:05.7,46.49552507,-29.5
28:05.8,31.20328152,-29.5
28:05.8,16.87360706,-30.79
28:05.9,4.308642619,-30.2
28:05.9,-6.417127305,-29.85
28:06.0,-19.77277351,-4.6
28:06.0,-33.39770987,22
28:06.1,-41.65976128,28.82
28:06.1,-47.813328,29.96
28:06.1,-53.08453971,29.72
28:06.2,-58.79692893,29.65
28:06.2,-63.71863639,31.64
28:06.3,-68.02727901,29.89
28:06.3,-72.07236104,29.89
28:06.4,-76.02576983,29.89
28:06.4,-79.89323494,28.62
28:06.5,-80.15679553,13.32
28:06.5,-77.25762909,-18.44
28:06.6,-77.08001217,-2.77
28:06.6,-79.10255319,24.74
28:06.7,-77.87069393,-0.91
28:06.7,-76.46694733,-11.04
28:06.8,-78.8389926,19.93
28:06.8,-78.92493627,3.82
28:06.9,-76.1117135,-6.64
28:06.9,-77.60713334,18.94
28:07.0,-79.01087994,12.7
28:07.0,-77.08001217,-14.36
28:07.0,-76.20338674,14.89
28:07.1,-77.69307701,26.78
28:07.1,-79.89323494,26.78
28:07.2,-77.25762909,6.63
28:07.2,-76.28933041,-9.49
28:07.3,-77.52118967,17.9
28:07.3,-77.87069393,26.36
28:07.4,-76.28933041,-6.86
28:07.4,-76.37527408,11.5
28:07.5,-78.22019818,27.67
28:07.5,-79.36611377,21.31
28:07.6,-76.90239525,-8.47
28:07.6,-76.73050791,20.94
28:07.6,-77.60713334,20.94
28:07.7,-79.62967436,28.48
28:07.7,-77.42951642,14.27
28:07.8,-76.63883467,4.72
28:07.8,-77.69307701,24.03
28:07.9,-78.92493627,31.09
28:07.9,-76.552891,1.69
28:08.0,-76.552891,19.08
28:08.0,-77.16595584,28.86
28:08.1,-78.74731935,30.94
28:08.1,-77.34357275,13.39
28:08.2,-78.04831084,28.31
28:08.2,-78.13425451,14.1
28:08.3,-77.60713334,27.73
28:08.3,-78.3978151,28.51
28:08.4,-77.60713334,28.51
28:08.4,-77.9566376,21.89
28:08.4,-77.87069393,29.89
28:08.5,-77.42951642,17.82
28:08.5,-77.9566376,25.51
28:08.6,-78.13425451,28.55
28:08.6,-77.69307701,17.3
28:08.7,-76.28933041,21.62
28:08.7,-76.73050791,30.45
28:08.8,-76.63883467,31.4
28:08.8,-76.73050791,30.87
28:08.9,-77.25762909,30.87
28:08.9,-77.25762909,30.28
28:09.0,-77.25762909,27.73
28:09.0,-77.52118967,27.73
28:09.1,-77.16595584,28.62
28:09.1,-76.90239525,31.74
28:09.2,-76.63883467,29.35
28:09.2,-76.28933041,30.38
28:09.2,-76.20338674,31.96
28:09.3,-75.49864865,31.72
28:09.3,-74.97152748,32.04
28:09.4,-74.18084573,30.61
28:09.4,-73.29849072,30.14
28:09.5,-72.59948221,31.09
28:09.5,-71.54523987,30.75
28:09.6,-70.31338061,29.17
28:09.6,-68.90390443,29.17
28:09.7,-67.32254092,31.48
28:09.7,-65.83285065,31.65
28:09.8,-63.8962533,33.16
28:09.8,-61.43826436,30.15
28:09.8,-58.97454585,28.69
28:09.9,-55.98370615,31.8
28:10.0,-51.76673678,31.67
28:10.0,-48.16283225,30.79
28:10.0,-44.03180655,31.56
28:10.1,-38.405361,30.1
28:10.1,-31.20328152,30.75
28:10.2,-21.26819335,29.83
28:10.2,-4.92170746,28.55
28:10.3,11.86595594,12.04
28:10.3,37.52873558,12.04
28:10.4,59.41572335,-22.41
28:10.4,75.41270499,-29.29
28:10.5,95.09953482,-29.85
28:10.5,114.6946914,-28.99
28:10.5,133.1553916,-29.22
28:10.6,150.8196804,-28.58
28:10.6,169.5382116,-30.85
28:10.7,190.1933401,-28.44
28:10.7,212.1662715,-27.66
28:10.8,228.8679912,-31.09
28:10.8,243.9826179,-31.02
28:10.9,257.6934979,-32.52
28:10.9,271.8455554,-30.82
28:11.0,283.7115114,-30.82
28:11.0,293.5549263,-30.1
28:11.1,299.8803804,3.82
28:11.1,304.189023,24.29
28:11.2,308.4976656,28.91
28:11.2,313.4193731,32.5
28:11.3,319.3953229,29.64
28:11.3,326.7750193,30.94
28:11.3,336.3548736,29.87
28:11.4,351.4752298,31.02
28:11.4,364.1318675,27.19
28:11.5,394.1892334,-20.36
28:11.5,416.6033424,-28.06
28:11.6,434.9723693,-28.06
28:11.6,453.0778356,-30.77
28:11.7,470.0373863,-30.97
28:11.7,488.8475907,-31.72
28:11.8,506.9530571,-31.96
28:11.8,528.1353067,-31.8
28:11.9,545.536035,-31.72
28:11.9,562.7648759,-31.25
28:12.0,578.9337449,-33.31
28:12.0,592.9998587,-29.57
28:12.1,606.7107388,-31.56
28:12.1,617.3448354,-31.56
28:12.2,628.8555575,-30.45
28:12.2,638.5270851,-31.33
28:12.2,647.1386408,-17.51
28:12.3,650.5649284,15.8
28:12.3,649.7742466,15.8
28:12.4,645.4713336,30.83
28:12.4,640.7215135,30.94
28:12.5,637.1176089,21.31
28:12.5,636.8540484,-10.24
28:12.6,633.2501438,-26.71
28:12.6,625.3433263,-31.64
28:12.7,617.1672185,-33.31
28:12.7,608.6416065,-29.57
28:12.8,598.7981916,-30.53
28:12.8,586.4967878,-31.72
28:12.8,572.0811696,-31.17
28:12.9,557.0524867,-31.17
28:12.9,541.8461868,-30.72
28:13.0,527.344625,-33.35
28:13.0,513.2785111,-32.74
28:13.1,495.264718,-30.61
28:13.1,479.7948576,-32.74
28:13.2,462.9212505,-34.78
28:13.2,448.6832493,-32.42
28:13.3,436.1125553,-33.13
28:13.3,422.2240583,-31.57
28:13.4,408.341291,-32.79
28:13.4,390.0582077,-32.9
28:13.5,388.0356667,-32.51
28:13.5,349.5386325,-22.12
28:13.6,329.1527941,10.76
28:13.6,314.3819421,10.76
28:13.6,301.8169777,27.94
28:13.7,289.3379569,30.51
28:13.7,276.589646,31.48
28:13.8,264.6377464,7.61
28:13.8,262.8787659,-23.01
28:13.9,263.583504,-28.48
28:13.9,265.8696056,-31.34
28:14.0,267.4509692,-30.49
28:14.0,267.8004734,-29.65
28:14.1,267.8921467,-31.33
28:14.1,268.1557072,-30.94
28:14.2,268.064034,-30.1
28:14.2,267.3650255,-31.96
28:14.3,265.1648676,-31.96
28:14.3,264.1106252,-31.09
28:14.3,262.6152054,-29.43
28:14.4,261.2114588,-31.56
28:14.4,259.3665347,-29.28
28:14.5,259.9795995,-29.43
28:14.5,262.0021405,-31.65
28:14.6,265.5201014,-30.72
28:14.6,269.5594538,-32.6
28:14.7,271.9314991,-29.5
28:14.7,274.5728345,-28.69
28:14.8,278.4402997,-30.53
28:14.8,280.3711674,-33.31
28:14.9,281.6889704,-30.75
28:14.9,281.5113534,-9.56
28:15.0,281.9525309,-23.73
28:15.0,282.3020352,-23.73
28:15.1,279.7581026,14.65
28:15.1,281.8665873,-12.84
28:15.2,281.3394661,-4.21
28:15.2,282.2160915,-3.76
28:15.2,282.1301479,-0.94
28:15.3,279.9299899,-2.55
28:15.3,279.6664293,-3.29
28:15.4,281.774914,-8.4
28:15.4,281.5113534,12.31
28:15.5,281.6030267,-18.53
28:15.5,282.3937084,0.85
28:15.6,281.4254098,-1.71
28:15.6,282.7432127,-1.71
28:15.7,283.0984465,-6.01
28:15.7,279.9299899,11.03
28:15.8,282.4796521,-18.08
28:15.8,282.3020352,-4.69
28:15.8,281.1618492,14.66
28:15.9,282.4796521,-25.5
28:15.9,282.0384746,1.84
28:16.0,280.3711674,14.06
28:16.0,281.5113534,-18.98
28:16.1,283.0984465,-1.72
28:16.1,280.9842323,7.04
28:16.2,281.6889704,-11.93
28:16.2,281.6030267,-11.93
28:16.3,281.1618492,8.56
28:16.3,282.3937084,-16.8
28:16.4,280.9842323,6.69
28:16.4,281.2477929,-2.86
28:16.5,282.657269,-11.53
28:16.5,280.1935505,7.65
28:16.5,281.6030267,-22.84
28:16.6,280.8123449,14.47
28:16.6,281.4254098,-17.82
28:16.7,282.657269,-9.42
28:16.7,280.8982886,0.85
28:16.8,282.3020352,-25.68
28:16.8,282.0384746,4.76
28:16.9,280.4571111,-5.1
28:16.9,281.6030267,-5.1
28:17.0,281.6030267,-20.99
28:17.0,280.3711674,2.83
28:17.1,281.9525309,-10.47
28:17.1,281.774914,-16.37
28:17.2,280.2852238,3.37
28:17.2,282.3937084,-22.23
28:17.3,281.6889704,-2.85
28:17.3,280.7206717,-16.02
28:17.3,281.8665873,-14.58
28:17.4,280.1935505,-7.61
28:17.4,282.1301479,-7.61
28:17.5,281.1618492,-20.94
28:17.5,282.3020352,-21.94
28:17.6,280.8982886,-21.94
28:17.6,281.8665873,-0.85
28:17.7,282.2160915,-24.68
28:17.7,280.8123449,10.44
28:17.8,282.9208296,-18.13
28:17.8,280.9842323,6.66
28:17.9,282.3020352,-1.42
28:17.9,283.0067733,0.23
28:18.0,280.634728,2.85
28:18.0,282.3937084,-13.93
28:18.1,280.5487843,4.71
28:18.1,281.9525309,-21.04
28:18.1,280.7206717,2.86
28:18.2,281.0759055,2.86
28:18.2,281.5113534,-23.07
28:18.3,280.7206717,-7.61
28:18.3,281.774914,-21.89
28:18.4,280.5487843,-14.2
28:18.4,281.6889704,-24.77
28:18.5,280.634728,-23.5
28:18.5,280.9842323,-28.86
28:18.6,280.8123449,-31.33
28:18.6,280.5487843,-30.35
28:18.7,280.8123449,-33.06
28:18.7,280.7206717,-30.72
28:18.8,280.8982886,-28.93
28:18.8,280.8123449,-28.93
28:18.9,280.8982886,-28.93
28:18.9,280.9842323,-30.15
28:18.9,280.8982886,-31.88
28:19.0,280.8123449,-31.4
28:19.0,280.7206717,-30.38
28:19.1,280.8123449,-29.5
28:19.1,280.9842323,-30.82
28:19.2,281.2477929,-29.79
28:19.2,281.5113534,-25.32
28:19.3,281.9525309,-16.92
28:19.3,281.6030267,-16.92
28:19.4,281.6030267,-1.9
28:19.4,281.6030267,4.27
28:19.5,281.6030267,5.61
28:19.5,281.5113534,-0.94
28:19.5,281.3394661,9.17
28:19.6,282.5655958,-14.38
28:19.7,281.6889704,6.02
28:19.7,282.3937084,-15.67
28:19.7,280.7206717,10.09
28:19.8,282.657269,-10.34
28:19.8,280.5487843,8.56
28:19.9,282.5655958,-18.13
28:19.9,280.5487843,10.34
28:20.0,282.9208296,-15.41
28:20.0,281.0759055,11.42
28:20.1,281.9525309,11.42
28:20.1,281.0759055,-15.46
28:20.2,282.2160915,12.81
28:20.2,281.3394661,-12.43
28:20.3,280.7206717,10.25
28:20.3,281.3394661,-15.94
28:20.4,280.4571111,-0.94
28:20.4,281.6030267,-24.88
28:20.4,281.0759055,-6.63
28:20.5,283.0067733,-12.07
28:20.5,280.4571111,0.95
28:20.6,282.4796521,-11.45
28:20.6,280.9842323,10.32
28:20.7,282.3937084,-15.23
28:20.7,281.4254098,-15.23
28:20.8,281.8665873,11.36
28:20.8,282.7432127,-19.99
28:20.9,281.6889704,18.87
28:20.9,283.2703339,-9.33
28:21.0,283.6255677,12.16
28:21.0,284.7657537,27.72
28:21.1,288.7191625,30.75
28:21.1,292.6783009,30.64
28:21.2,295.9269716,31.02
28:21.2,300.5851184,31.89
28:21.2,304.6302005,28.93
28:21.3,308.3200487,31.96
28:21.3,311.3108884,31.64
28:21.4,313.5053167,32.6
28:21.4,314.0324379,30.6
28:21.5,313.0641392,31.23
28:21.5,310.6061503,28.55
28:21.6,307.35175,28.55
28:21.6,303.2207243,32.67
28:21.7,299.0037549,31.56
28:21.7,294.6091686,32.68
28:21.8,290.4781429,30.53
28:21.8,285.997613,30.82
28:21.9,282.0384746,33.81
28:21.9,279.5804857,14.27
28:21.9,281.4254098,-14.27
28:22.0,282.834886,-2.85
28:22.0,281.3394661,10.21
28:22.1,282.1301479,-16.18
28:22.1,281.8665873,-16.18
28:22.2,280.1076068,23.67
28:22.2,282.0384746,-14.82
28:22.3,281.0759055,7.73
28:22.3,281.9525309,1.72
28:22.4,281.6889704,-8.36
28:22.4,280.1935505,19.03
28:22.5,282.4796521,-17.29
28:22.5,281.6889704,13.42
28:22.6,282.3937084,-4.72
28:22.6,282.1301479,-1.91
28:22.7,281.0759055,5.54
28:22.7,282.3937084,-7.67
28:22.7,281.774914,17.16
28:22.8,280.9842323,-8.54
28:22.8,282.4796521,-8.54
28:22.9,282.1301479,-3.42
28:22.9,280.1935505,22.9
28:23.0,282.4796521,-15.48
28:23.0,281.6030267,2.86
28:23.1,281.8665873,9.29
28:23.1,282.4796521,0.9
28:23.2,281.1618492,5.68
28:23.2,282.5655958,-15.11
28:23.3,281.6889704,19.91
28:23.3,281.6889704,-7.43
28:23.4,281.6889704,2.87
28:23.4,281.1618492,2.87
28:23.5,282.834886,-8.22
28:23.5,281.1618492,8.58
28:23.5,281.4254098,8.58
28:23.6,281.4254098,3.42
28:23.6,280.8982886,-2.82
28:23.7,280.8123449,-1.37
28:23.7,282.5655958,-2.82
28:23.8,281.4254098,20.94
28:23.8,282.7432127,-18.57
28:23.9,282.9208296,6.66
28:23.9,280.8123449,2.57
28:24.0,282.5655958,-0.86
28:24.0,280.4571111,21.94
28:24.1,281.0759055,-9.47
28:24.1,282.7432127,-16.14
28:24.2,282.9208296,17.99
28:24.2,280.3711674,17.99
28:24.2,281.2477929,10.42
28:24.3,282.5655958,-17.98
28:24.3,281.774914,9.26
28:24.4,280.1076068,13.16
28:24.4,282.1301479,-16.22
28:24.5,281.1618492,21.17
28:24.5,282.0384746,-8.54
28:24.6,282.3020352,0.94
28:24.6,280.9842323,-1.89
28:24.7,282.5655958,-1.89
28:24.7,281.774914,-1.91
28:24.8,281.0759055,18.94
28:24.8,282.5655958,4.69
28:24.9,279.1393082,4.69
28:24.9,277.2943841,0.95
28:25.0,274.131657,-24.38
28:25.0,271.0548737,-28.44
28:25.0,270.6136962,-30.53
28:25.1,261.8245236,-32.52
28:25.1,257.0804331,-28.69
28:25.2,252.2446693,-31.4
28:25.2,248.2053168,-33.31
28:25.3,244.0742911,-29.35
28:25.3,241.347012,-31.49
28:25.4,239.9432654,-31.49
28:25.4,240.5563303,-30.64
28:25.5,243.9826179,-33.19
28:25.5,248.4688774,-32.53
28:25.6,254.6167145,-32.52
28:25.6,259.2748614,-31.56
28:25.6,265.2565408,-32.9
28:25.7,269.3875665,-28.69
28:25.7,273.9540401,-30.16
28:25.8,278.3486264,-30.75
28:25.8,281.9525309,-33.39
28:25.9,284.1526889,-5.18
28:25.9,281.6030267,23.22
28:26.0,280.1935505,-3.82
28:26.0,282.9208296,-3.82
28:26.1,283.4479508,-25.57
28:26.1,281.4254098,11.48
28:26.2,280.2852238,11.14
28:26.2,282.9208296,-18.83
28:26.3,282.657269,-1.7
28:26.3,280.7206717,23.97
28:26.3,281.774914,-13.96
28:26.4,282.9208296,-1.72
28:26.4,280.9842323,5.72
28:26.5,282.3020352,-10.39
28:26.5,281.2477929,13.7
28:26.6,282.7432127,-22.05
28:26.7,281.6889704,8.66
28:26.7,281.1618492,7.72
28:26.7,283.0067733,-18.13
28:26.8,282.7432127,5.77
28:26.8,280.8982886,10.44
28:26.9,281.6030267,-13.96
28:26.9,282.1301479,-13.96
28:27.0,280.3711674,12.97
28:27.0,281.9525309,-4.59
28:27.1,281.5113534,-5.18
28:27.1,280.8123449,6.03
28:27.2,282.657269,-18.26
28:27.2,281.0759055,19.6
28:27.3,281.9525309,-10.34
28:27.3,281.9525309,-3.43
28:27.4,280.8982886,0.94
28:27.4,282.657269,-10.39
28:27.4,281.6030267,18.57
28:27.5,281.0759055,-10.39
28:27.5,281.9525309,-10.39
28:27.6,281.9525309,-11.09
28:27.6,281.1618492,17.09
28:27.7,283.6255677,-18.22
28:27.7,282.5655958,-2.89
28:27.8,280.5487843,25.85
28:27.8,281.2477929,-5.56
28:27.9,283.0067733,-13.46
28:27.9,281.4254098,17.13
28:28.0,281.9525309,-2.85
28:28.0,282.0384746,-7.63
28:28.1,281.0759055,6.69
28:28.1,282.3020352,-10.27
28:28.2,280.5487843,24.87
28:28.2,281.9525309,-14.24
28:28.3,282.3937084,-1.91
28:28.3,281.3394661,2.84
28:28.4,282.3020352,-4.29
28:28.4,280.3711674,20.41
28:28.4,280.9842323,-13.93
28:28.5,282.3937084,-13.93
28:28.5,281.6030267,-4.64
28:28.6,279.1393082,23.29
28:28.6,282.3937084,-11.42
28:28.7,282.0384746,-11.15
28:28.7,281.0759055,17.98
28:28.8,282.1301479,-12.88
28:28.8,283.6255677,-3.43
28:28.9,281.0759055,16.37
28:28.9,281.8665873,-12.13
28:29.0,281.6030267,13.2
28:29.0,281.5113534,-10.11
28:29.1,282.2160915,1.91
28:29.1,281.6889704,1.91
28:29.1,282.834886,4.28
28:29.2,281.3394661,17.99
28:29.2,280.2852238,17.99
28:29.3,282.3937084,-13.67
28:29.3,281.5113534,12.31
28:29.4,282.4796521,-3.74
28:29.4,281.6889704,-3.82
28:29.5,281.8665873,-13.78
28:29.5,281.3394661,17.86
28:29.6,282.0384746,-5.49
28:29.6,283.4479508,-2.6
28:29.7,281.3394661,10.32
28:29.7,282.1301479,-11.18
28:29.8,281.4254098,22.05
28:29.8,280.1076068,22.05
28:29.9,282.0384746,-13.13
28:29.9,280.8982886,0.93
28:29.9,281.6030267,2.85
28:30.0,282.657269,-1.86
28:30.0,281.1618492,9.54
28:30.1,281.9525309,-20.54
28:30.1,280.7206717,22
28:30.2,281.2477929,-6.63
28:30.2,283.0984465,-12.16
28:30.3,281.6889704,17.66
28:30.3,280.9842323,-10.25
28:30.4,282.4796521,-10.25
28:30.4,280.7206717,-0.32
28:30.5,279.5804857,12.34
28:30.5,279.3169251,-18.04
28:30.6,275.5354036,-27.92
28:30.6,271.1408174,-30.53
28:30.6,266.1331662,-31.33
28:30.7,261.560963,-31.49
28:30.7,256.1121344,-31.4
28:30.8,251.895165,-28.27
28:30.8,248.6407647,-31.42
28:30.9,245.5639814,-30.15
28:30.9,243.0200488,-30.38
28:31.0,242.5788713,-29.35
28:31.0,244.509739,-29.65
28:31.1,246.9734576,-29.65
28:31.1,252.9494074,-31.16
28:31.2,258.5758529,-29.72
28:31.2,263.2339998,-31.4
28:31.3,267.8004734,-29.35
28:31.3,271.5819949,-30.15
28:31.4,274.8363951,-31.89
28:31.4,279.1393082,-30.89
28:31.4,282.4796521,-30.57
28:31.5,282.834886,0.95
28:31.5,280.634728,16.14
28:31.6,281.5113534,-19.41
28:31.6,282.834886,-4.75
28:31.7,281.3394661,-4.75
28:31.7,281.4254098,6.02
28:31.8,282.5655958,-21.73
28:31.8,280.5487843,15.38
28:31.9,281.4254098,-9.52
28:31.9,282.3937084,-24.38
28:32.0,280.7206717,15.48
28:32.0,280.1076068,-7.52
28:32.1,281.6889704,-22.18
28:32.1,280.2852238,-4.19
28:32.2,282.0384746,-26.19
28:32.2,283.0067733,2.77
28:32.2,283.3620071,24.15
28:32.3,286.2611736,27.53
28:32.3,289.6015175,27.53
28:32.4,294.7867856,27.73
28:32.4,299.1813718,29.57
28:32.5,303.3983412,29.35
28:32.5,306.2975077,31.7
28:32.6,309.1107304,29.76
28:32.6,310.8697109,30.72
28:32.7,311.7463363,33.31
28:32.7,311.3108884,32.76
28:32.8,309.9930854,31.56
28:32.8,307.2658063,31.48
28:32.8,303.9254624,31.6
28:32.9,300.4991748,31.96
28:32.9,297.0728872,31.96
28:33.0,294.3456081,30.68
28:33.0,290.300526,29.72
28:33.1,288.5472752,29.72
28:33.1,286.3471172,29.65
28:33.2,284.0610156,30.23
28:33.2,281.6889704,28.5
28:33.3,281.3394661,18.98
28:33.3,282.834886,-0.95
28:33.4,279.2309814,20.08
28:33.4,280.634728,-12.87
28:33.5,280.1076068,-26.13
28:33.5,278.7898039,-30.94
28:33.6,277.0308235,-30.89
28:33.6,276.1541981,-31.09
28:33.7,274.0457134,-31.09
28:33.7,273.3409753,-32.22
28:33.7,270.6136962,-30.49
28:33.8,269.0323327,-31.72
28:33.8,265.6060451,-32.68
28:33.9,262.7068786,-30.6
28:33.9,259.6300953,-31.33
28:34.0,254.7083878,-30.89
28:34.0,250.5773621,-29.72
28:34.1,249.3455028,-30.55
28:34.1,250.1361846,-30.82
28:34.2,253.1270243,-31.89
28:34.2,261.7385799,-32.6
28:34.3,268.3275946,-31.4
28:34.3,274.131657,-31.72
28:34.4,280.634728,-32.04
28:34.4,285.6423791,-16.3
28:34.5,286.9601821,15.9
28:34.5,285.8199961,28.93
28:34.6,284.0610156,28.76
28:34.6,282.1301479,28.76
28:34.6,281.4254098,32.27
28:34.7,282.1301479,13.39
28:34.7,282.3020352,17.21
28:34.8,281.6889704,25.63
28:34.8,283.1843902,1.91
28:34.9,281.6889704,26.71
28:34.9,281.774914,18.8
28:35.0,282.0384746,15.94
28:35.0,282.2160915,21.59
28:35.1,281.0759055,23.27
28:35.1,282.1301479,23.27
28:35.2,281.8665873,13.19
28:35.2,282.3020352,21.83
28:35.3,281.5113534,19.78
28:35.3,282.3020352,19.78
28:35.4,281.8665873,13.22
28:35.4,282.2160915,19.82
28:35.4,282.5655958,25.16
28:35.5,282.2160915,14.49
28:35.5,281.3394661,6.71
28:35.6,282.4796521,23.91
28:35.6,282.0384746,29.1
28:35.7,282.834886,-2.56
28:35.7,281.5113534,7.67
28:35.8,280.634728,1.85
28:35.8,281.0759055,-16.93
28:35.9,281.6889704,-16.93
28:35.9,280.0216632,-11.96
28:36.0,281.774914,-13.22
28:36.0,282.1301479,-13.13
28:36.0,281.6889704,-6.83
28:36.1,280.2852238,-21.46
28:36.1,281.6030267,-16.63
28:36.2,281.774914,3.41
28:36.2,282.1301479,-20.38
28:36.3,280.3711674,-21.46
28:36.3,281.2477929,-17.99
28:36.4,281.5113534,-7.59
28:36.4,281.2477929,-11.08
28:36.5,282.0384746,-33.69
28:36.5,282.4796521,-8.58
28:36.6,280.5487843,-8.58
28:36.6,281.4254098,-9.26
28:36.7,280.634728,-12.28
28:36.7,281.3394661,-15.34
28:36.8,281.8665873,-8.48
28:36.8,282.0384746,12.84
28:36.8,282.1301479,-14.46
28:36.9,281.4254098,-21.21
28:36.9,280.1935505,7.58
28:37.0,280.0216632,-0.95
28:37.0,280.8123449,-25.76
28:37.1,281.6889704,-30.53
28:37.1,280.8982886,-30.53
28:37.2,280.7206717,-23.01
28:37.2,281.2477929,-26.06
28:37.3,281.774914,-30.53
28:37.3,281.3394661,-10.49
28:37.4,281.6889704,-8.52
28:37.4,282.9208296,-10.24
28:37.5,281.8665873,14.62
28:37.5,282.2160915,-4.13
28:37.6,282.3020352,17.62
28:37.6,280.9842323,21.4
28:37.7,279.7581026,-13.83
28:37.7,278.5262433,-28.48
28:37.8,275.7989642,-31.48
28:37.8,272.2867329,-31.56
28:37.9,268.8547158,-31.4
28:37.9,265.3424845,-30.87
28:37.9,261.560963,-32.5
28:38.0,257.8711148,-30.95
28:38.0,254.0895934,-30.95
28:38.1,249.7866803,-30.79
28:38.1,244.509739,-30.72
28:38.2,239.324471,-32.12
28:38.2,233.0849606,-31.09
28:38.3,225.9688248,-31.33
28:38.3,217.7067734,-31.02
28:38.4,207.5081246,-30.89
28:38.4,195.3786081,-30.68
28:38.5,184.3950072,-27.13
28:38.5,172.4431076,-28.93
28:38.6,160.3995347,-30.87
28:38.6,149.8513817,-30.87
28:38.6,138.077099,-29.07
28:38.7,129.2879265,-29.79
28:38.7,127.0877685,-29.79
28:38.8,126.7382643,-30.49
28:38.8,126.5606473,-29.7
28:38.9,124.1026584,-29.85
28:38.9,124.1026584,-28.93
28:39.0,121.4670526,-28.66
28:39.0,121.8165568,-30.79
28:39.1,118.5621565,-30.15
28:39.1,118.2985959,-28.47
28:39.2,116.5453451,-29.86
28:39.2,114.8723083,-30.94
28:39.3,113.5545054,-30.34
28:39.3,112.0590856,-30.34
28:39.3,111.0048432,-29.64
28:39.4,109.5094234,-29.79
28:39.4,109.0739754,-30.35
28:39.5,107.4009387,-28.13
28:39.5,106.4383696,-29.57
28:39.6,106.0831358,-29.5
28:39.6,105.4700709,-30.79
28:39.7,105.5560146,-29.86
28:39.7,105.4700709,-29.5
28:39.8,105.6419583,-29.57
28:39.8,106.2607527,-29.86
28:39.9,106.9654908,-28.78
28:39.9,107.5785556,-27.06
28:40.0,108.1056768,-28.17
28:40.0,109.1599191,-28.17
28:40.0,110.3917784,-29.56
28:40.1,111.360077,-29.71
28:40.1,111.8871982,-27.19
28:40.2,116.2817845,-29.96
28:40.2,120.8482581,-30.2
28:40.3,125.6840219,-30.54
28:40.3,130.9552336,-30
28:40.4,137.7218652,-29.86
28:40.4,144.4025531,-31.96
28:40.5,153.6329032,-31.72
28:40.5,164.8800647,-28.06
28:40.6,176.3965164,-29.31
28:40.6,188.6119766,-29
28:40.7,200.1284282,-27.86
28:40.7,210.9401418,-30.53
28:40.8,219.992875,-31.38
28:40.8,228.3408701,-28.48
28:40.9,236.3393609,-28.48
28:40.9,242.6648149,-31.33
28:40.9,247.7641393,-30.79
28:41.0,252.7717904,-29.43
28:41.0,256.4673682,-31.4
28:41.1,259.9795995,-31.48
28:41.1,265.1648676,-32.12
28:41.2,272.0231724,-29.82
28:41.2,278.612187,-30.57
28:41.3,285.4704918,-19.03
28:41.3,288.6332188,11.23
28:41.4,289.16034,26.8
28:41.4,288.2837146,33.39
28:41.5,287.4930328,31.31
28:41.5,287.3154159,29.72
28:41.6,287.0518553,29.72
28:41.6,287.0518553,29.57
28:41.7,286.6106778,30.68
28:41.7,286.3471172,29.8
28:41.7,286.5247342,29.65
28:41.8,286.5247342,31.23
28:41.8,286.3471172,29.72
28:41.9,286.6966215,29.65
28:41.9,286.8742384,32.12
28:42.0,287.4930328,29.63
28:42.0,287.6649202,32.04
28:42.1,288.1920413,31.8
28:42.1,288.8967794,31.4
28:42.2,289.6874612,31.4
28:42.2,290.6557599,30.83
28:42.3,291.6183289,29.28
28:42.3,292.7642445,30.6
28:42.3,293.9044306,30.09
28:42.4,295.3998504,32.31
28:42.4,297.3364477,31.23
28:42.5,299.3532592,28.69
28:42.5,301.6393608,29.87
28:42.6,304.189023,30.68
28:42.6,306.7386852,31.81
28:42.7,308.5836093,31.89
28:42.7,310.6920939,31.89
28:42.8,313.4193731,28.83
28:42.8,315.0866802,31.81
28:42.9,315.877362,32.84
28:42.9,314.8231196,29.5
28:43.0,312.714635,31.02
28:43.0,311.396832,31.02
28:43.1,307.4434232,32.93
28:43.1,304.8937611,32.93
28:43.2,301.9029214,32.6
28:43.2,299.1813718,31.96
28:43.3,296.8952702,32.19
28:43.3,295.0503461,32.84
28:43.4,293.2913657,31.53
28:43.4,291.9735628,29.5
28:43.4,290.3921993,29.28
28:43.5,289.16034,31.8
28:43.5,288.3696583,31.02
28:43.6,287.4013596,31.48
28:43.6,286.4330609,31.96
28:43.7,284.6798101,31.96
28:43.7,283.6255677,29.95
28:43.8,281.8665873,32.43
28:43.8,281.774914,28.13
28:43.9,281.6889704,16.36
28:43.9,281.9525309,25.13
28:44.0,282.0384746,20.88
28:44.0,281.6889704,21.5
28:44.0,281.0759055,23.11
28:44.1,282.5655958,18.22
28:44.1,282.0384746,26.06
28:44.2,282.2160915,12.25
28:44.2,282.5655958,12.25
28:44.3,281.2477929,26.96
28:44.3,282.3020352,22.16
28:44.4,282.1301479,32.43
28:44.4,281.2477929,21.78
28:44.5,282.3020352,21.78
28:44.5,282.0384746,17.94
28:44.6,281.774914,26.78
28:44.6,282.4796521,22.31
28:44.7,281.5113534,24.71
28:44.7,282.1301479,13.22
28:44.8,281.6889704,22
28:44.8,282.4796521,28.2
28:44.9,282.3937084,15.82
28:44.9,282.3020352,21.62
28:44.9,281.4254098,27.73
28:45.0,282.2160915,24.2
28:45.0,281.0759055,24.2
28:45.1,282.9208296,16.26
28:45.1,282.3937084,20.68
28:45.2,281.5113534,30.6
28:45.2,281.6030267,14.27
28:45.3,281.9525309,21.35
28:45.3,282.4796521,26.6
28:45.4,282.3937084,16.59
28:45.4,282.7432127,9.38
28:45.5,281.6030267,34.43
28:45.5,281.774914,23.67
28:45.6,282.1301479,4.7
28:45.6,282.9208296,4.7
28:45.6,281.6889704,31.33
28:45.7,282.657269,22.9
28:45.7,281.5113534,20.78
28:45.8,282.0384746,17.99
28:45.8,282.2160915,25.82
28:45.9,282.2160915,28.34
28:45.9,281.5113534,11.03
28:46.0,282.834886,24.03
28:46.0,281.6889704,29.43
28:46.1,281.6889704,13.73
28:46.1,281.1618492,27.33
28:46.2,281.6889704,21.45
28:46.2,282.3937084,19.88
28:46.3,282.0384746,22.9
28:46.3,282.0384746,22.9
28:46.4,282.2160915,21.78
28:46.4,283.0067733,20.03
28:46.4,281.3394661,27.6
28:46.5,282.2160915,18.04
28:46.5,282.0384746,31.23
28:46.6,282.5655958,17.98
28:46.6,282.834886,19.93
28:46.7,281.5113534,28.48
28:46.7,282.1301479,24.02
28:46.8,282.2160915,17.08
28:46.8,282.3937084,17.08
28:46.9,282.0384746,23.38
28:46.9,281.6889704,26.66
28:47.0,282.4796521,22.67
28:47.0,282.0384746,22.67
28:47.1,281.774914,21.45
28:47.1,282.0384746,22.95
28:47.2,281.9525309,19.59
28:47.2,282.657269,17.2
28:47.2,282.3937084,29.65
28:47.3,281.774914,20.88
28:47.3,281.6030267,9.2
28:47.4,281.6889704,31.25
28:47.4,281.9525309,28.91
28:47.5,282.3020352,13.73
28:47.5,281.9525309,28.12
28:47.6,281.6889704,28.12
28:47.6,281.774914,31.05
28:47.7,282.7432127,10.49
28:47.7,282.0384746,26.71
28:47.8,282.2160915,25.85
28:47.8,282.3020352,29.57
28:47.8,282.4796521,14.27
28:47.9,282.0384746,23.11
28:48.0,281.8665873,32.76
28:48.0,282.0384746,22.9
28:48.0,282.2160915,17.13
28:48.1,281.1618492,28.65
28:48.1,282.3937084,20.35
28:48.2,282.834886,22.16
28:48.2,281.9525309,23.16
28:48.3,282.4796521,23.16
28:48.3,281.6030267,28.55
28:48.4,281.8665873,20.88
28:48.4,281.9525309,20.99
28:48.5,282.4796521,23.5
28:48.5,282.3020352,24.95
28:48.6,281.5113534,19.88
28:48.6,281.9525309,19.45
28:48.6,282.3937084,30.23
28:48.7,282.657269,21
28:48.7,282.4796521,24.66
28:48.8,281.6889704,29.65
28:48.8,281.6030267,19.79
28:48.9,282.657269,19.79
28:48.9,282.1301479,23.67
28:49.0,282.3937084,22.45
28:49.0,281.774914,28.44
28:49.1,282.2160915,17.77
28:49.1,281.774914,24.88
28:49.2,281.6030267,28.86
28:49.2,282.2160915,21.83
28:49.3,281.6889704,27.06
28:49.3,282.0384746,18.96
28:49.4,281.774914,27.19
28:49.4,282.0384746,18.75
28:49.4,282.3937084,22.12
28:49.5,281.4254098,35.95
28:49.5,282.0384746,14.03
28:49.6,282.7432127,14.03
28:49.6,281.6889704,27.06
28:49.7,282.3937084,20.84
28:49.7,281.5113534,29.56
28:49.8,283.4479508,13.16
28:49.8,282.3020352,24.71
28:49.9,282.0384746,31.81
28:49.9,281.6030267,23.16
28:50.0,283.8891283,11.2
28:50.0,283.0067733,27.86
28:50.0,282.7432127,29.57
28:50.1,281.2477929,29.57
28:50.1,281.6889704,11.98
28:50.2,276.5037023,-20.64
28:50.2,275.6270769,-20.64
28:50.3,272.0231724,-30.45
28:50.3,270.0006313,-30.75
28:50.4,268.064034,-31.96
28:50.4,264.7294196,-31.72
28:50.5,262.3516448,-30.54
28:50.5,259.2748614,-30.75
28:50.6,255.235509,-31.88
28:50.6,249.9585677,-32.52
28:50.7,245.392094,-30.82
28:50.7,239.8515922,-28.55
28:50.8,235.5486791,-28.55
28:50.8,228.4268137,-30.6
28:50.8,217.0020353,-28.83
28:50.9,206.281995,-30.64
28:50.9,194.8514869,-30.49
28:51.0,180.8770463,-30.65
28:51.0,168.3120819,-28.65
28:51.1,156.268509,-26.61
28:51.1,145.1932348,-28.53
28:51.2,131.4823548,-29.15
28:51.2,120.0575764,-28.58
28:51.3,104.2382117,-29.5
28:51.3,91.05445279,-31.58
28:51.4,79.36611377,-32.56
28:51.4,69.08152135,-32.56
28:51.5,53.61166088,-30.87
28:51.5,40.60551894,-30.64
28:51.6,26.01801347,-28.87
28:51.6,10.37053609,-28.87
28:51.7,-0.349504255,-29.99
28:51.7,-14.15205754,-22.09
28:51.7,-27.3358164,11.85
28:51.8,-38.58297792,27.52
28:51.8,-45.26366581,30.45
28:51.9,-51.32555928,31.25
28:51.9,-56.86606116,28.62
28:52.0,-61.6101517,30.41
28:52.0,-66.00473799,28.62
28:52.1,-70.13576369,30.87
28:52.1,-74.79391057,31.6
28:52.2,-79.10255319,31.6
28:52.2,-80.59797303,20.88
28:52.3,-78.13425451,-11.17
28:52.3,-76.37527408,-13.29
28:52.3,-78.8389926,16.26
28:52.4,-78.74731935,6.85
28:52.4,-76.9940685,-19.51
28:52.5,-78.31187143,14.52
28:52.5,-79.36611377,8.4
28:52.6,-77.52118967,-4.6
28:52.6,-78.74731935,22.88
28:52.7,-77.34357275,-14.62
28:52.7,-77.69307701,14.06
28:52.8,-79.18849685,11.25
28:52.8,-77.87069393,11.25
28:52.9,-79.10255319,4.72
28:52.9,-77.87069393,8.48
28:53.0,-76.46694733,-7.67
28:53.0,-78.57543201,21.73
28:53.1,-78.48375877,11.31
28:53.1,-77.60713334,-11.03
28:53.1,-78.48375877,23.7
28:53.2,-79.45205744,15.3
28:53.2,-76.46694733,0.96
28:53.3,-78.22019818,23.05
28:53.3,-78.3978151,8.36
28:53.4,-77.08001217,8.54
28:53.4,-76.63883467,24.14
28:53.5,-75.23508807,29.14
28:53.5,-71.98068779,29.14
28:53.6,-66.00473799,30.06
28:53.6,-59.06048951,29.43
28:53.7,-52.64909179,30.35
28:53.7,-45.44128273,28.55
28:53.8,-35.94737206,31.72
28:53.8,-21.62342719,32.6
28:53.8,0.349504255,29.14
28:53.9,26.18990081,12.13
28:53.9,52.47147487,-22.18
28:54.0,72.15830471,-32.03
28:54.0,92.81343322,-29.5
28:54.1,111.795525,-29.5
28:54.1,132.9777747,-29.43
28:54.2,159.3452924,-30.79
28:54.3,185.890427,-28.85
28:54.3,210.0577868,-27.79
28:54.3,230.0081772,-29.5
28:54.4,241.7881895,-29.5
28:54.4,265.1648676,-31.02
28:54.5,275.7989642,-31.02
28:54.5,293.7325432,-32.27
28:54.6,302.9571637,1.89
28:54.6,309.9930854,25.69
28:54.7,317.0232776,28.98
28:54.7,327.0385798,32.68
28:54.8,336.2689299,29
28:54.8,343.476739,33.43
28:54.8,347.6077647,32.76
28:54.9,351.2116692,32.03
28:54.9,351.1257255,32.27
28:55.0,349.0115113,32.27
28:55.0,345.4076067,33.06
28:55.1,340.314012,32.76
28:55.1,334.0745016,31.42
28:55.2,324.0534697,31.88
28:55.2,318.0775199,34.33
28:55.3,311.0473278,31.8
28:55.3,306.5610682,31.23
28:55.4,301.731034,30.89
28:55.4,298.9178113,31.96
28:55.5,293.7325432,33.06
28:55.5,290.300526,32.52
28:55.6,285.9059397,31.09
28:55.6,283.4479508,31.81
28:55.6,280.1076068,13.36
28:55.7,280.8982886,-16.34
28:55.7,283.3620071,-16.34
28:55.8,282.5655958,-4.75
28:55.8,280.634728,22.46
28:55.9,281.6030267,1.88
28:55.9,283.0984465,-11.96
28:56.0,280.9842323,20.99
28:56.0,282.3020352,-1.86
28:56.1,282.2160915,1.86
28:56.1,280.9842323,11.33
28:56.2,282.834886,-14.24
28:56.2,282.0384746,16.34
28:56.3,280.8123449,8.56
28:56.3,282.3020352,-15.27
28:56.4,281.6889704,20.5
28:56.4,280.634728,-5.68
28:56.4,282.0384746,-5.68
28:56.5,281.1618492,4.6
28:56.5,281.9525309,5.6
28:56.6,282.3937084,1.71
28:56.6,280.4571111,12.84
28:56.7,281.8665873,-17.17
28:56.7,280.9842323,17.17
28:56.8,281.9525309,-1.38
28:56.8,282.657269,5.12
28:56.9,280.634728,11.96
28:56.9,281.6030267,-15.15
28:57.0,282.834886,-15.15
28:57.0,281.2477929,11.22
28:57.0,282.3020352,5.5
28:57.1,283.4479508,-13.67
28:57.1,281.3394661,17.73
28:57.2,280.8123449,6.44
28:57.3,283.2703339,-16.14
28:57.3,282.0384746,16.26
28:57.3,282.0384746,-0.85
28:57.4,282.4796521,-2.83
28:57.4,280.7206717,17.95
28:57.5,282.1301479,-13.32
28:57.5,282.5655958,9.42
28:57.6,280.8982886,2.77
28:57.6,282.0384746,-4.08
28:57.7,281.0759055,-4.08
28:57.7,281.3394661,12.25
28:57.8,282.4796521,-11.93
28:57.8,280.1076068,27.05
28:57.9,281.8665873,-7.63
28:57.9,282.3020352,-7.74
28:57.9,280.8123449,20.03
28:58.0,282.3937084,-10.47
28:58.0,283.6255677,-3.85
28:58.1,281.5113534,21.04
28:58.1,281.1618492,-7.59
28:58.2,281.2477929,-1.72
28:58.2,281.4254098,17.17
28:58.3,281.5113534,17.17
28:58.3,281.6030267,21.96
28:58.4,281.0759055,21.96
28:58.4,283.0067733,-10.27
28:58.5,281.2477929,1.9
28:58.5,281.3394661,13.06
28:58.6,282.3937084,-7.61
28:58.6,280.7206717,18.98
28:58.6,282.3020352,-16.63
28:58.7,282.1301479,3.68
28:58.7,280.9842323,15.15
28:58.8,281.774914,-12.72
28:58.8,282.5655958,9.56
28:58.9,280.8123449,9.56
28:58.9,281.8665873,4.72
28:59.0,282.3937084,-10.44
28:59.0,281.0759055,18.87
28:59.1,282.2160915,-17.01
28:59.1,280.3711674,19.79
28:59.2,281.774914,-0.47
28:59.2,282.0384746,-10.34
28:59.3,281.0759055,14.24
28:59.3,282.0384746,-15.01
28:59.4,281.2477929,13.42
28:59.4,280.9842323,3.79
28:59.5,282.834886,-0.94
28:59.5,281.1618492,2.81
28:59.5,282.4796521,-11.13
28:59.6,281.774914,17.9
28:59.6,280.9842323,17.9
28:59.7,282.1301479,-9.42
28:59.7,281.2477929,3.81
28:59.8,282.657269,-0.95
28:59.8,283.6255677,-9.49
28:59.9,280.8123449,15.34
28:59.9,281.3394661,-1.88
29:00.0,282.9208296,-16.1
29:00.0,281.5113534,17.04
29:00.1,280.8982886,-2.56
29:00.1,281.9525309,-6.61
29:00.2,281.1618492,6.55
29:00.2,282.2160915,-21.31
29:00.2,283.0984465,-21.31
29:00.3,281.0759055,12.93
29:00.3,281.8665873,3.78
29:00.4,282.7432127,-17.04
29:00.4,280.2852238,21.89
29:00.5,281.6030267,-11.93
29:00.5,282.5655958,-9.56
29:00.6,282.3937084,9.44
29:00.6,281.9525309,-17.16
29:00.7,281.3394661,17.91
29:00.7,282.0384746,-10.3
29:00.8,282.5655958,-0.95
29:00.8,280.4571111,3.78
29:00.9,281.5113534,-16.14
29:00.9,281.9525309,8.6
29:00.9,280.4571111,8.6
29:01.0,281.6889704,-2.56
29:01.0,282.5655958,-18.87
29:01.1,280.7206717,17.04
29:01.1,282.0384746,-15
29:01.2,281.3394661,1.91
29:01.2,281.5113534,-3.75
29:01.3,282.2160915,-3.75
29:01.3,279.9299899,10.21
29:01.4,281.5113534,-18.13
29:01.4,282.834886,-7.61
29:01.5,281.5113534,22.46
29:01.5,279.1393082,-11.18
29:01.6,282.1301479,-11.18
29:01.6,281.774914,-17.31
29:01.6,280.8123449,14.65
29:01.7,282.0384746,-18.13
29:01.7,280.5487843,8.32
29:01.8,280.1076068,1.88
29:01.8,282.3937084,-21.89
29:01.9,281.0759055,1.9
29:01.9,281.0759055,0.95
29:02.0,283.0984465,-7.54
29:02.0,280.7206717,9.42
29:02.1,281.4254098,-18.94
29:02.1,282.7432127,-8.28
29:02.2,281.6030267,19.69
29:02.2,279.2309814,19.69
29:02.3,281.9525309,-12.88
29:02.3,282.2160915,-18.79
29:02.3,280.2852238,17.86
29:02.4,282.1301479,-17.04
29:02.4,281.8665873,-3.83
29:02.5,281.1618492,-3.42
29:02.5,282.4796521,-10.44
29:02.6,281.5113534,8.56
29:02.6,282.1301479,-22.61
29:02.7,280.9842323,14.68
29:02.7,279.4028688,14.68
29:02.8,281.2477929,-19.31
29:02.8,281.5113534,12.16
29:02.9,280.634728,-11.17
29:02.9,282.4796521,-11.17
29:03.0,281.4254098,-8.59
29:03.0,280.7206717,4.77
29:03.1,281.5113534,-20.5
29:03.1,281.4254098,10.25
29:03.1,282.834886,-15.74
29:03.2,282.4796521,-2.57
29:03.2,279.3169251,3.3
29:03.3,281.6889704,-17.99
29:03.3,282.4796521,-4.75
29:03.4,281.2477929,2.55
29:03.4,281.5113534,2.55
29:03.5,282.834886,-21.94
29:03.5,280.7206717,8.54
29:03.6,281.774914,-9.35
29:03.6,281.4254098,-7.32
29:03.7,281.8665873,-12.1
29:03.7,281.8665873,-0.93
29:03.8,280.8982886,6.02
29:03.8,281.6030267,-25.74
29:03.8,282.7432127,-1.89
29:03.9,281.1618492,-1.9
29:04.0,282.4796521,-16.23
29:04.0,280.5487843,7.63
29:04.0,281.2477929,-20.03
29:04.1,282.5655958,-14.17
29:04.1,281.5113534,18.04
29:04.2,279.3169251,18.04
29:04.2,282.3020352,-18.66
29:04.3,281.5113534,-12.37
29:04.3,281.1618492,2.85
29:04.4,282.4796521,-22.84
29:04.4,280.7206717,10.44
29:04.5,280.9842323,-9.29
29:04.5,282.2160915,-12.7
29:04.6,281.6889704,-6.58
29:04.6,281.0759055,-8.26
29:04.6,281.4254098,-3.78
29:04.7,280.5487843,-3.78
29:04.7,281.0759055,-5.71
29:04.8,282.4796521,-20.99
29:04.8,281.6889704,-4.81
29:04.9,279.1393082,4.77
29:04.9,282.0384746,-20.53
29:05.0,282.1301479,-16.8
29:05.0,280.8982886,6.44
29:05.1,282.2160915,-27.06
29:05.1,280.7206717,1.87
29:05.2,280.5487843,-3.81
29:05.2,281.9525309,-23.61
29:05.3,282.3937084,-1.72
29:05.3,279.4028688,1.72
29:05.4,280.8982886,-21.5
29:05.4,281.8665873,-21.5
29:05.4,281.1618492,-11.08
29:05.5,280.5487843,-4.7
29:05.5,282.3937084,-22.29
29:05.6,281.2477929,0.91
29:05.6,282.0384746,-21.09
29:05.7,280.2852238,5.67
29:05.7,279.3169251,-3.8
29:05.8,281.3394661,-25.57
29:05.8,282.5655958,-14.49
29:05.9,280.634728,8.52
29:05.9,280.1076068,8.52
29:06.0,281.6030267,-21.2
29:06.0,281.774914,-17.99
29:06.0,279.0533645,10.49
29:06.1,281.4254098,-20.41
29:06.2,281.9525309,-19.78
29:06.2,280.2852238,3.82
29:06.2,281.6889704,-21.59
29:06.3,282.0384746,-17.9
29:06.3,281.0759055,0.85
29:06.4,281.774914,-25.51
29:06.4,281.1618492,0.95
29:06.5,281.6889704,-20.94
29:06.5,282.1301479,-2.86
29:06.6,280.0216632,-2.86
29:06.6,281.3394661,-8.59
29:06.7,281.8665873,-29.43
29:06.7,280.0216632,-1.7
29:06.8,279.4028688,-6.89
29:06.8,281.8665873,-25.87
29:06.8,282.3020352,-19.03
29:06.9,280.1935505,-0.43
29:07.0,282.3937084,-21.83
29:07.0,281.5113534,-7.61
29:07.0,280.8123449,-13.32
29:07.1,281.5113534,-17.99
29:07.1,280.8123449,-5.67
29:07.2,281.9525309,-23.13
29:07.2,281.774914,3.74
29:07.3,280.0216632,3.74
29:07.3,281.774914,-17.9
29:07.4,281.774914,-28.13
29:07.4,280.1076068,4.64
29:07.5,281.774914,-21.4
29:07.5,281.1618492,-19.79
29:07.6,280.634728,-11.48
29:07.6,281.8665873,-24.62
29:07.6,280.8982886,1.72
29:07.7,281.6030267,-27.27
29:07.7,282.0384746,-13.67
29:07.8,281.2477929,-9.47
29:07.8,281.6889704,-9.47
29:07.9,281.774914,-22.67
29:07.9,280.8123449,-24.5
29:08.0,281.774914,-24.5
29:08.0,280.8982886,-9.29
29:08.1,281.1618492,-14.31
29:08.1,281.6889704,-23.56
29:08.2,281.2477929,-11.39
29:08.2,281.1618492,-19.69
29:08.3,281.9525309,-11.12
29:08.3,280.4571111,-8.56
29:08.4,280.634728,-25.57
29:08.4,281.774914,-28.98
29:08.4,281.9525309,-28.98
29:08.5,278.612187,3.45
29:08.5,280.1076068,-13.76
29:08.6,281.0759055,-29.71
29:08.6,281.774914,-27.53
29:08.7,279.7581026,6.66
29:08.7,280.3711674,-21.78
29:08.8,281.3394661,-30.68
29:08.8,281.9525309,-15.48
29:08.9,279.0533645,-3.28
29:08.9,279.9299899,-26.73
29:09.0,281.3394661,-29.57
29:09.0,282.2160915,-10.24
29:09.1,279.5804857,-6.88
29:09.1,279.9299899,-24.88
29:09.1,280.7206717,-24.88
29:09.2,281.774914,-31.09
29:09.2,280.9842323,-17
29:09.3,279.4028688,-6.61
29:09.3,281.3394661,-26.8
29:09.4,282.2160915,-35.04
29:09.4,280.2852238,-2.78
29:09.5,278.2626827,-9.49
29:09.5,279.494542,-28.91
29:09.6,280.8982886,-29.28
29:09.6,281.6889704,-24.56
29:09.7,281.8665873,-16.14
29:09.7,281.1618492,-16.14
29:09.8,281.4254098,-22.84
29:09.8,281.4254098,-27.87
29:09.9,280.5487843,-9.35
29:09.9,281.6889704,-27.03
29:09.9,281.0759055,-19.64
29:10.0,281.774914,-23.21
29:10.0,281.2477929,-20.03
29:10.1,281.4254098,-26.24
29:10.1,281.0759055,-11.93
29:10.2,281.3394661,-26.45
29:10.2,281.0759055,-26.06
29:10.3,281.8665873,-17.04
29:10.3,280.7206717,-18.96
29:10.4,281.6889704,-31.41
29:10.4,280.5487843,-15.19
29:10.5,280.9842323,-26.38
29:10.5,281.6030267,-30.87
29:10.6,281.774914,-30.87
29:10.6,280.7206717,-13.96
29:10.7,281.1618492,-21.31
29:10.7,281.5113534,-28.93
29:10.8,281.5113534,-27.27
29:10.8,280.7206717,-16.19
29:10.9,281.774914,-28.31
29:10.9,281.3394661,-20.68
29:10.9,281.6889704,-30.3
29:11.0,281.2477929,-14.27
29:11.0,281.774914,-30.15
29:11.1,281.4254098,-24.26
29:11.1,281.2477929,-24.26
29:11.2,281.0759055,-21.26
29:11.2,280.3711674,-12.91
29:11.3,281.4254098,-32.19
29:11.3,281.1618492,-22.39
29:11.4,281.3394661,-22.73
29:11.4,281.6889704,-29.57
29:11.5,281.6030267,-24.99
29:11.5,281.6030267,-22.86
29:11.6,281.5113534,-24.56
29:11.6,281.6030267,-31.4
29:11.7,280.5487843,-22.36
29:11.7,281.1618492,-27.76
29:11.7,281.774914,-27.33
29:11.8,281.6030267,-28.13
29:11.8,281.2477929,-22.07
29:11.9,280.8123449,-22.07
29:11.9,281.4254098,-27.39
29:12.0,281.4254098,-27.45
29:12.0,281.6030267,-24.83
29:12.1,281.4254098,-24.74
29:12.1,281.1618492,-32.35
29:12.2,281.2477929,-25.38
29:12.2,281.4254098,-24.44
29:12.3,281.2477929,-21.94
29:12.3,281.5113534,-33.46
29:12.3,281.774914,-26.51
29:12.4,280.8123449,-26.51
29:12.4,280.8123449,-23.5
29:12.5,281.0759055,-29.8
29:12.5,281.3394661,-27.26
29:12.6,281.6030267,-29.17
29:12.6,280.8123449,-23.61
29:12.7,281.2477929,-31.67
29:12.7,281.5113534,-31.12
29:12.8,281.3394661,-24.89
29:12.8,281.4254098,-25.32
29:12.9,281.2477929,-30.16
29:12.9,281.6030267,-29.07
29:13.0,281.3394661,-24.74
29:13.0,281.6030267,-31.33
29:13.1,281.0759055,-28.38
29:13.1,281.5113534,-29.43
29:13.2,281.1618492,-30.45
29:13.2,281.5113534,-30.45
29:13.2,280.8982886,-27.94
29:13.3,281.2477929,-26.84
29:13.3,281.0759055,-30.38
29:13.4,281.5113534,-31.57
29:13.4,281.5113534,-29.5
29:13.5,280.9842323,-26.8
29:13.5,281.1618492,-30.79
29:13.6,280.9842323,-33.22
29:13.6,281.3394661,-30.6
29:13.7,280.9842323,-26.78
29:13.7,280.634728,-26.78
29:13.8,280.7206717,-30.79
29:13.8,280.7206717,-32.43
29:13.9,280.9842323,-30.53
29:13.9,280.634728,-30.53
29:14.0,280.9842323,-29.65
29:14.0,280.2852238,-30.49
29:14.0,280.4571111,-31.81
29:14.1,280.634728,-32.6
29:14.1,280.0216632,-30.64
29:14.2,280.2852238,-32.19
29:14.2,279.8440463,-31.49
29:14.3,279.9299899,-31.81
29:14.3,279.4028688,-29.57
29:14.4,279.1393082,-32.27
29:14.4,278.7038602,-31.48
29:14.5,278.4402997,-31.48
29:14.5,277.9074489,-30.6
29:14.6,277.1167672,-31.56
29:14.6,276.5037023,-30.54
29:14.6,275.8906375,-30.57
29:14.7,275.1858994,-32.19
29:14.7,274.0457134,-29.8
29:14.8,272.9857415,-30.48
29:14.8,271.8455554,-30.95
29:14.9,270.3501356,-32.03
29:14.9,268.2416509,-31.16
29:15.0,264.5518027,-30.15
29:15.1,261.560963,-33.64
29:15.1,259.538422,-33.64
29:15.2,255.4990695,-31.16
29:15.2,251.8092213,-30.42
29:15.3,247.5865224,-29.07
29:15.3,242.1376938,-32.6
29:15.4,235.7205665,-31.16
29:15.4,228.8679912,-30.57
29:15.4,221.133061,-31.56
29:15.5,211.2037024,-32.52
29:15.5,200.5638762,-31.02
29:15.6,188.8755371,-29.95
29:15.6,176.48246,-27.86
29:15.7,164.4446168,-27.86
29:15.7,153.0198383,-27.92
29:15.8,141.6810036,-28.78
29:15.8,124.4521627,-28.86
29:15.9,110.9188995,-27.99
29:15.9,96.50328142,-29.57
29:16.0,84.28782123,-29.93
29:16.0,73.39016397,-31.68
29:16.1,62.92795463,-29.79
29:16.1,51.9443537,-29
29:16.1,39.11009909,-30.28
29:16.2,24.25903304,-27.19
29:16.2,9.402237417,-29.64
29:16.3,-2.022541017,-25.74
29:16.3,-14.23800121,7.64
29:16.4,-29.26668417,7.64
29:16.4,-39.20177234,24.26
29:16.5,-46.05434757,31.19
29:16.5,-53.08453971,33.05
29:16.6,-58.00624717,30.03
29:16.6,-63.01962788,29.93
29:16.7,-69.16746502,31.8
29:16.7,-73.65372455,31.88
29:16.8,-77.78475026,31.74
29:16.8,-81.1250942,19.79
29:16.9,-80.2427392,-11.12
29:16.9,-76.73050791,-25.5
29:16.9,-76.90239525,8.56
29:17.0,-79.18849685,16.51
29:17.0,-78.66137568,-20.48
29:17.1,-76.1117135,-20.48
29:17.1,-78.57543201,7.58
29:17.2,-79.45205744,14.82
29:17.2,-77.25762909,-17.09
29:17.3,-76.28933041,8.56
29:17.3,-78.74731935,13.09
29:17.4,-77.16595584,-12.37
29:17.4,-78.48375877,18.13
29:17.5,-78.92493627,0.94
29:17.5,-76.90239525,-7.6
29:17.5,-77.9566376,19.88
29:17.6,-79.01087994,1.88
29:17.6,-77.16595584,1.88
29:17.7,-78.13425451,21.78
29:17.7,-78.48375877,21.78
29:17.8,-77.42951642,-2.39
29:17.8,-78.13425451,4.73
29:17.9,-79.10255319,22.84
29:17.9,-77.25762909,-8.46
29:18.0,-77.60713334,11.39
29:18.0,-79.10255319,28.37
29:18.1,-77.60713334,-6.53
29:18.1,-76.73050791,13.13
29:18.2,-78.66137568,25.94
29:18.2,-77.78475026,4.62
29:18.3,-77.87069393,19.74
29:18.3,-78.8389926,19.74
29:18.3,-76.37527408,0.85
29:18.4,-76.73050791,5.71
29:18.4,-78.31187143,27.53
29:18.5,-79.18849685,25.69
29:18.5,-75.67626557,-14.1
29:18.6,-76.37527408,17.86
29:18.6,-78.13425451,29.17
29:18.7,-78.22019818,17.82
29:18.7,-76.73050791,8.54
29:18.8,-77.78475026,26.6
29:18.8,-78.3978151,26.56
29:18.9,-77.69307701,-1.69
29:18.9,-76.20338674,23.22
29:19.0,-77.42951642,23.22
29:19.0,-78.13425451,28.85
29:19.1,-77.87069393,26.06
29:19.1,-76.20338674,9.17
29:19.1,-77.52118967,27.46
29:19.2,-77.87069393,32.35
29:19.2,-77.87069393,17.13
29:19.3,-76.02576983,17.21
29:19.3,-77.25762909,30.23
29:19.4,-76.9940685,31.46
29:19.4,-78.22019818,21.73
29:19.5,-77.34357275,21.73
29:19.5,-77.87069393,25.57
29:19.6,-78.31187143,30.49
29:19.6,-77.9566376,27.99
29:19.7,-76.02576983,16.14
29:19.7,-76.81645158,30.03
29:19.8,-76.73050791,30.75
29:19.8,-76.63883467,30.82
29:19.8,-77.25762909,31.39
29:19.9,-77.08001217,29.65
29:20.0,-77.25762909,32.74
29:20.0,-77.08001217,30.87
29:20.0,-76.90239525,31.18
29:20.1,-76.552891,32.52
29:20.1,-76.37527408,31.74
29:20.2,-75.76220924,31.17
29:20.2,-75.41270499,31.17
29:20.3,-74.7079669,30.38
29:20.3,-74.18084573,29.72
29:20.4,-73.39016397,31.17
29:20.4,-72.59948221,30.79
29:20.5,-71.45356662,31.53
29:20.5,-70.49099753,32.34
29:20.6,-69.16746502,31.72
29:20.6,-67.41421417,30.23
29:20.6,-65.7411774,29.57
29:20.7,-64.07387022,29.57
29:20.7,-61.70182495,30.83
29:20.8,-58.71098526,32.43
29:20.8,-55.98370615,30.75
29:20.9,-53.17621296,34.01
29:20.9,-49.57230843,29.57
29:21.0,-45.08604889,32.52
29:21.0,-39.55127659,30.89
29:21.1,-33.48365354,31.53
29:21.1,-24.25903304,30.94
29:21.2,-11.86595594,31.25
29:21.2,8.084434488,32.72
29:21.3,32.4294112,-12.69
29:21.3,60.64185303,-27.59
29:21.3,71.45356662,-30.78
29:21.4,90.17782736,-30.78
29:21.5,115.4911027,-29.99
29:21.5,133.4189522,-30.91
29:21.5,151.8739227,-30.91
29:21.6,168.134465,-29.79
29:21.6,185.890427,-29
29:21.7,204.6949019,-27.94
29:21.7,221.8377991,-30.64
29:21.8,238.6254625,-30.6
29:21.8,252.3363425,-31.23
29:21.9,266.0472226,-32.52
29:21.9,276.8532066,-31.65
29:22.0,287.6649202,-20.64
29:22.0,295.7493547,12.31
29:22.1,300.848679,26
29:22.1,304.7161441,26
29:22.1,308.7612262,30.72
29:22.2,313.9464942,29.21
29:22.2,319.2177059,30.42
29:22.3,325.8124502,28.98
29:22.3,335.8277524,31.33
29:22.4,350.9481086,29.43
29:22.4,367.8217157,32.76
29:22.5,393.2209347,-7.48
29:22.5,415.5491,-28.91
29:22.6,437.6079751,-31.8
29:22.6,450.8776777,-31.49
29:22.7,470.0373863,-33.59
29:22.7,492.2738784,-32.5
29:22.8,508.4484769,-29.95
29:22.8,524.004281,-31.34
29:22.9,542.5509249,-32.19
29:22.9,560.0375968,-32.19
29:22.9,576.298139,-30.89
29:23.0,592.209177,-30.35
29:23.0,604.3386935,-30.45
29:23.1,615.4082381,-31.49
29:23.1,626.7470729,-29.65
29:23.2,636.4186004,-28.62
29:23.2,645.4713336,-29.93
29:23.3,650.9201622,2.88
29:23.3,653.2005343,24.38
29:23.4,654.5240668,30.03
29:23.4,655.6642528,30.03
29:23.5,656.896112,31.6
29:23.5,658.3915319,31.48
29:23.5,659.9728954,30.82
29:23.6,661.6402026,30.75
29:23.6,663.8403605,30.6
29:23.7,666.2124058,29.64
29:23.7,669.3751328,31.17
29:23.8,672.8014204,32.04
29:23.8,675.7922601,32.5
29:23.9,680.7139676,31.64
29:23.9,687.4805991,30.72
29:24.0,696.2697717,32.43
29:24.0,710.2442123,30.54
29:24.1,724.218653,30.76
29:24.1,728.7908562,-4.68
29:24.2,732.4807044,-4.68
29:24.2,731.6040789,-26.97
29:24.3,721.4913738,-30.79
29:24.3,697.9370789,-20.94
29:24.3,678.8690435,11.9
29:24.4,664.3674817,26.51
29:24.5,648.2788268,31.4
29:24.5,636.5904878,29.86
29:24.5,622.088926,-3.68
29:24.6,613.2997534,-24.74
29:24.6,603.9834597,-31.4
29:24.7,594.489549,-30.61
29:24.7,583.7695086,-30.48
29:24.8,571.3764315,-30.48
29:24.8,557.9291121,-30.89
29:24.9,543.3416066,-29.64
29:24.9,541.7602431,-32.1
29:25.0,514.773931,-31.19
29:25.0,501.8537327,-29.85
29:25.0,488.9335344,-34.11
29:25.1,474.6955332,-31.34
29:25.1,459.7585235,-33.08
29:25.2,448.1561281,-34.33
29:25.2,439.6305161,-32.87
29:25.3,430.2225492,-30
29:25.3,425.1289544,-30
29:25.4,418.6258834,-31.65
29:25.4,410.2721587,-34.18
29:25.5,398.497876,-31.72
29:25.5,406.4046936,-32.63
29:25.6,409.9226545,-30.85
29:25.6,411.6816349,-32.1
29:25.7,406.8458711,-29.79
29:25.7,404.0326483,-28.13
29:25.8,395.7705969,-32.17
29:25.8,387.7721061,-32.66
29:25.9,376.0837671,-31.72
29:25.9,366.5039128,-31.32
29:25.9,359.2961037,-31.8
29:26.0,340.7494599,-2.6
29:26.0,323.9675261,23.43
29:26.1,313.6829336,31.48
29:26.1,304.8937611,31.48
29:26.2,296.4540927,30.83
29:26.2,287.8425371,32.68
29:26.3,280.2852238,30.57
29:26.3,273.9540401,19.69
29:26.4,270.0006313,-11.39
29:26.4,267.3650255,-28.41
29:26.5,262.3516448,-30.38
29:26.5,258.1346754,-31.72
29:26.6,252.5082299,-31.04
29:26.6,247.1510745,-31.17
29:26.6,241.2610683,-31.89
29:26.7,234.0532593,-30.76
29:26.7,226.318329,-28.55
29:26.8,217.4432128,-28.55
29:26.8,209.9718432,-31.48
29:26.9,203.4687722,-32.9
29:26.9,197.756383,-32.1
29:27.0,189.8438358,-28.79
29:27.0,186.2399313,-28.86
29:27.1,180.3499251,-28.72
29:27.1,175.9553389,-27.13
29:27.2,170.8617441,-27.1
29:27.2,166.3754845,-28.93
29:27.3,162.4220757,-26.99
29:27.3,158.7322275,-28.78
29:27.4,158.2051064,-28.79
29:27.4,150.9056241,-31.19
29:27.4,146.602711,-29.64
29:27.5,143.8754319,-30.79
29:27.5,141.5033866,-30.79
29:27.6,139.8360795,-31.25
29:27.6,140.09964,-30.72
29:27.7,139.5725189,-28.93
29:27.7,140.8903218,-28.94
29:27.8,142.4716853,-30.94
29:27.8,143.6118713,-28.86
29:27.9,144.2306657,-27.03
29:27.9,144.2306657,-25.87
29:28.0,144.4942263,-28.13
29:28.0,144.7577869,-29.5
29:28.1,144.4942263,-29.71
29:28.1,145.0213475,-29.93
29:28.1,144.9296743,-32.1
29:28.2,145.0213475,-32.1
29:28.2,145.1932348,-28.13
29:28.3,145.720356,-30.21
29:28.3,146.0755898,-26.99
29:28.4,146.5110378,-29.79
29:28.4,146.6886547,-28.78
29:28.5,146.9522153,-28.86
29:28.5,147.1298322,-26.06
29:28.6,146.9522153,-28.85
29:28.6,146.602711,-28.79
29:28.7,146.1615335,-30
29:28.7,145.8120293,-29.44
29:28.8,145.3708518,-29
29:28.8,145.0213475,-30.87
29:28.9,144.4025531,-28.72
29:28.9,144.4025531,-29.71
29:28.9,144.2306657,-30.57
29:29.0,144.3166094,-30.41
29:29.0,144.7577869,-30.41
29:29.1,145.0213475,-30.72
29:29.1,145.5484687,-29.79
29:29.2,146.0755898,-28.66
29:29.2,146.7745984,-29.86
29:29.3,147.6569534,-29.29
29:29.3,148.625252,-30.82
29:29.4,150.1149423,-29.82
29:29.4,151.5244185,-29.86
29:29.5,153.6329032,-29.79
29:29.5,155.0366498,-28.91
29:29.6,156.7096865,-28.91
29:29.6,158.468667,-29.64
29:29.6,160.2219178,-29.79
29:29.7,161.4537771,-31.32
29:29.8,163.2987012,-28.86
29:29.8,164.4446168,-28.06
29:29.8,164.8800647,-28.53
29:29.9,164.9717379,-30.87
29:29.9,163.8258223,-29
29:30.0,162.6856363,-29.79
29:30.0,161.7173377,-28.47
29:30.1,155.9190048,-28.65
29:30.1,151.4327452,-29.71
29:30.2,146.8662716,-28.58
29:30.2,143.6118713,-28.86
29:30.3,136.054558,-31.05
29:30.3,129.729104,-29.93
29:30.4,126.2970868,-31.09
29:30.4,123.483864,-31.09
29:30.4,120.5846975,-30.21
29:30.5,119.003334,-27.92
29:30.5,117.863148,-30.87
29:30.6,116.8089057,-29.56
29:30.6,116.2817845,-29.64
29:30.7,115.4911027,-29.71
29:30.7,115.1358689,-31.47
29:30.8,115.0499252,-29.08
29:30.8,115.2218126,-29.44
29:30.9,115.9265507,-29.86
29:30.9,116.7172324,-29.71
29:31.0,117.5079142,-29.63
29:31.0,117.7714748,-29.63
29:31.1,117.9490917,-28.79
29:31.1,117.7714748,-28.58
29:31.1,117.6855311,-29.56
29:31.2,117.2443536,-29.79
29:31.2,116.8089057,-27.26
29:31.3,116.6312888,-28.78
29:31.3,116.4536718,-23.57
29:31.4,116.4536718,-18.67
29:31.4,116.6312888,-16.75
29:31.5,116.5453451,-15
29:31.5,116.0182239,-13.64
29:31.6,114.7863647,-12.94
29:31.6,113.6404491,-11.93
29:31.7,112.3226461,-11.09
29:31.7,110.9188995,-9.26
29:31.8,109.9506009,-9.26
29:31.8,108.6327979,-8.37
29:31.9,106.9654908,-7.48
29:31.9,105.3783977,-6.5
29:31.9,104.3241553,-5.08
29:32.0,103.0980256,-4.6
29:32.0,102.3073439,-3.37
29:32.1,101.3390452,-2.8
29:32.1,100.7202508,-1.86
29:32.2,100.3707465,-2.51
29:32.2,100.3707465,-0.83
29:32.3,100.2848029,0.46
29:32.4,100.5483635,0.93
29:32.4,100.9838114,0.18
