theta_x,theta_y,motor velocity_x,motor velocity_y
67.8112142086,-2.6023,67.8112649918,-9.86
67.8602368832,-2.5977,67.8602893353,-11.57
67.9093232155,-2.6008,67.9093463421,-11.79
67.9651143551,-2.6008,67.9651463032,-12.52
68.0141339302,-2.6038,68.0141842365,-14.69
68.0630559921,-2.61,68.0630738735,-17.63
68.1100049019,-2.6146,68.1100211143,-18.48
68.1632628441,-2.6207,68.1633059978,-23.57
68.2124612331,-2.6253,68.2124948502,-22.22
68.2615418434,-2.6345,68.2615594864,-23.03
68.3107800484,-2.6391,68.3108129501,-23.8
68.3640105724,-2.6499,68.3640322685,-24.66
68.4132323265,-2.6529,68.4132835865,-25.68
68.4624369144,-2.6621,68.4624662399,-26.69
68.5154857635,-2.6683,68.5155107975,-28.1
68.5648055077,-2.6729,68.5648658276,-29.15
68.6139643192,-2.679,68.6140234470,-27.07
68.6669895649,-2.6836,68.6670408249,-22.83
68.7178053856,-2.6897,68.7178242207,-9.88
68.7663335800,-2.6897,68.7663505077,9.52
68.8148272038,-2.6974,68.8148510456,13.04
68.8677494526,-2.699,68.8677821159,10.72
68.9169116020,-2.7051,68.9169633389,4.55
68.9660499096,-2.7097,68.9660875797,1.72
69.0192673206,-2.7128,69.0193028450,1.67
69.0684785843,-2.7158,69.0685300827,2.51
69.1217308044,-2.7204,69.1217842102,2.59
69.1708977222,-2.7204,69.1709570885,1.72
69.2243435383,-2.7296,69.224388361,1.71
69.2734093666,-2.7235,69.2734789848,5.1
69.3267443180,-2.7342,69.3268554211,13.34
69.3810276985,-2.7404,69.3810565472,21.45
69.4265789986,-2.7419,69.4265937805,27.75
69.474306345,-2.745,69.4743235111,29.63
69.526976347,-2.7496,69.5270087719,31.45
69.5762903690,-2.7526,69.5763309002,31.96
69.6255083084,-2.7588,69.6255393028,31.38
69.6746485233,-2.7603,69.6746890545,32.55
69.7277824879,-2.7603,69.7278113365,33.35
69.7770776749,-2.7634,69.7771279812,31.38
69.8262674809,-2.7664,69.8263387680,28.15
69.879565239,-2.768,69.8796060085,19.9
69.9290213585,-2.7726,69.9290857315,6.94
69.9792103767,-2.771,69.9792978764,-9.85
70.0353970528,-2.7726,70.0354261398,-21.1
70.0815486908,-2.7787,70.0815656185,-27.86
70.1292409897,-2.7756,70.129275322,-29.92
70.1796090603,-2.7787,70.1796417236,-28.31
70.2316219807,-2.7803,70.2316632271,-30.32
70.2808365822,-2.7803,70.2808699608,-29.23
70.3340735435,-2.7818,70.3341214657,-27.39
70.3831748962,-2.7864,70.3832092285,-29.09
70.4324228764,-2.7895,70.4324769974,-29.67
70.4816160202,-2.791,70.4816763401,-29.84
70.5347437859,-2.7956,70.5348234177,-29.91
70.5839219093,-2.7941,70.5839531422,-29.44
70.6331689358,-2.7987,70.6332437992,-27.13
70.6922433376,-2.7971,70.6922690868,-29.5
70.7358880043,-2.8017,70.7359049320,-27.91
70.7849698067,-2.8033,70.7849950790,-29.71
70.8336002827,-2.8048,70.8336224556,-28.5
70.882894516,-2.8063,70.8829312325,-28.1
70.9361212254,-2.8125,70.9361445904,-28.94
70.9853560925,-2.8125,70.9853906631,-20.8
71.0344734192,-2.8155,71.0344996452,6.91
71.0875916481,-2.8186,71.0876312256,17.27
71.1368820667,-2.8201,71.1369290352,15.48
71.1901557446,-2.8217,71.1901936531,10.32
71.2418582439,-2.8263,71.2419178486,5.14
71.2960269451,-2.8278,71.2960777283,1.56
71.342602253,-2.8339,71.3426220417,0.87
71.3954093456,-2.837,71.3954331875,-1.81
71.4401569366,-2.8401,71.440186739,-5.4
71.4931471348,-2.8462,71.4931752682,-0.29
71.5423250198,-2.8523,71.5423533916,-7.34
71.5913662910,-2.8539,71.5914013386,-9.97
71.6406161785,-2.8616,71.6406502724,-12.49
71.6940908432,-2.8662,71.6941337585,-18.85
71.743046999,-2.8723,71.7430737019,-26.11
71.7961418629,-2.883,71.7961969376,-29.82
71.8453857899,-2.883,71.8454620838,-28.51
71.8945937157,-2.8953,71.8946738243,-29.15
71.9437892437,-2.9014,71.9438490868,-30.32
71.9929845333,-2.9091,71.9930608273,-27.84
72.0463688374,-2.9122,72.0464179516,-27.16
72.1008942127,-2.9214,72.1009223461,-28.24
72.1472637653,-2.9275,72.147282362,-30.9
72.1976442337,-2.9336,72.1976876259,-30.82
72.2467956543,-2.9444,72.2468330860,-31.12
72.2958924770,-2.949,72.2959308624,-30.32
72.3491845131,-2.9567,72.3492283821,-27.84
72.3983616829,-2.9628,72.3984105587,-8.16
72.4474594593,-2.972,72.4474844933,13.92
72.5006759167,-2.9797,72.5007147789,19.99
72.5499081612,-2.9873,72.5499429703,15.28
72.6031925678,-2.995,72.6032772064,9.95
72.6522321701,-3.0073,72.6522583961,4.69
72.707679987,-3.015,72.7076964378,2.59
72.7549922466,-3.0257,72.7550172806,1.73
72.8061676025,-3.0349,72.8061847687,1.74
72.8534374237,-3.0456,72.8534543514,-2.45
72.902099371,-3.0564,72.9021470547,-6.35
72.9553248882,-3.0625,72.9553539753,-1.8
73.0044825077,-3.0717,73.0045154095,-5.71
73.0574846268,-3.0809,73.0575287342,-11.59
73.1068201065,-3.0901,73.106867075,-13.55
73.1560909748,-3.0993,73.1561169624,-13.5
73.2051973343,-3.1085,73.2052502632,-15.87
73.2543957233,-3.1193,73.2544548512,-17.76
73.3075008392,-3.1269,73.3075606823,-18.51
73.3571848869,-3.1361,73.3572556973,-22.99
73.4137451649,-3.1423,73.4137642384,-24.54
73.4615635872,-3.1545,73.4615948200,-24.58
73.5091922283,-3.1622,73.5092091560,-26.42
73.5574016571,-3.1714,73.5574412346,-27.26
73.6105778217,-3.1822,73.6106171608,-31.19
73.6597340107,-3.1914,73.6597714424,-30.06
73.7130017281,-3.2006,73.7130467892,-28.08
73.7621281147,-3.2098,73.7621865273,-26.82
73.8112239838,-3.2174,73.8112521172,-30.13
73.8646969795,-3.2251,73.8647377491,-30.39
73.9138164520,-3.2358,73.9138860703,-29.15
73.9630970955,-3.2435,73.9631557465,-30.32
74.0162544250,-3.2543,74.0163741112,-28.8
74.0725257397,-3.2635,74.0725426674,-29.01
74.1179063320,-3.2711,74.117923975,-24.54
74.1651768684,-3.2773,74.1652135849,3.02
74.2168068886,-3.2865,74.2168278694,23.59
74.2659814358,-3.2957,74.2660176754,23.92
74.3191196918,-3.3049,74.3191530704,23.73
74.3682372570,-3.3125,74.3682806492,22.56
74.4175546169,-3.3217,74.4175846577,20.67
74.4707849026,-3.331,74.4708440304,19.21
74.5199825764,-3.3371,74.5200545788,18.14
74.5690717697,-3.3448,74.5690999031,19.39
74.6183831692,-3.3509,74.6184513569,17.66
74.6715164185,-3.357,74.6715993881,17.94
74.7223975658,-3.3662,74.7224254608,18.38
74.7708721161,-3.3754,74.7709000111,18.58
74.8228619099,-3.3816,74.8228800297,17.12
74.8721907139,-3.3892,74.8722288609,16.17
74.9213371277,-3.3984,74.9213750362,15.59
74.9745938778,-3.4046,74.9746191502,14.17
75.0236289501,-3.4092,75.0236713886,14.12
75.0770022869,-3.4184,75.0770337582,13.56
75.1261737347,-3.4261,75.1262278557,13.57
75.1754407883,-3.4307,75.1754930019,12.01
75.2287068367,-3.4383,75.2287547588,10.91
75.283125639,-3.4429,75.2831518650,10.03
75.3303694725,-3.4491,75.3303968906,8.54
75.3808772564,-3.4567,75.3809056282,6.89
75.428996563,-3.4644,75.4290192127,5.99
75.4824490547,-3.469,75.4824855328,3.39
75.5316004753,-3.4751,75.5316324234,0.84
75.5847594738,-3.4797,75.5848009586,-4.87
75.6340382099,-3.4874,75.6340701580,-7.2
75.6831820011,-3.4936,75.6832118034,-2.7
75.7363233566,-3.4997,75.7363684177,-8.96
75.7856092453,-3.5043,75.7856457233,-12.72
75.8347220421,-3.512,75.8347766399,-12.72
75.8924925327,-3.5166,75.8925182819,-13.87
75.9411168098,-3.5227,75.9411337376,-16.24
75.9887897968,-3.5273000000,75.988806963,-18.22
76.0352978706,-3.5334000000,76.0353133678,-21.75
76.0845491886,-3.5380000000,76.0845832825,-25.68
76.133692503,-3.5442,76.1337273121,-27.33
76.1869089603,-3.5488,76.1869339943,-29.08
76.2360711098,-3.5534,76.2360920906,-29.29
76.2893033028,-2.883,76.2893493176,-29.92
76.3384819031,-2.8846,76.3385105133,-28.17
76.3876357079,-2.883,76.3876762390,-28.55
76.4408223629,-2.883,76.4408657551,-28.34
76.4900000095,-2.8846,76.4900307655,-28.93
76.5391051769,-2.8846,76.5391397476,-30.71
76.5881657600,-2.8846,76.5882058144,-30.08
76.6441609859,-2.883,76.6442027092,-29.43
76.6910908222,-2.8846,76.6911561489,-29.35
76.7439231873,-2.8846,76.7439537048,-29.07
76.7928891182,-2.8846,76.7929196358,-29.43
76.8421759605,6164.5,76.8422050476,-29.28
76.8914144039,-2.883,76.8914482594,-28.55
76.9444484711,-2.883,76.9444735050,-28.94
76.9937372208,-2.8846,76.9937846661,-28.04
77.0428435802,-2.883,77.0428917408,-29.44
77.0960962772,-2.883,77.0961344242,-27.33
77.1453664303,-2.8846,77.145428896,-28.96
77.1945300102,-2.8846,77.194583416,-30.45
77.247631073,-2.8846,77.2476615906,-28.31
77.2989282608,-2.883,77.2989470959,-28.8
77.3464238644,-2.8846,77.3464524746,-27.46
77.3979394436,-2.8846,77.3979578018,-30.75
77.4444818497,-2.8846,77.4445106983,-30.51
77.4975357056,-2.8892,77.4975745678,-28.94
77.5466527939,-2.8861,77.5466861725,-28.8
77.5957837105,-2.8876,77.5958058834,-25.21
77.6448450089,-2.8861,77.6448674202,-22.72
77.6982588768,-2.8892,77.6982860565,-7.
77.7473554611,-2.8861,77.7473993301,6.01
77.8004682064,-2.8892,77.8005125523,14.27
77.8497848511,-2.8876,77.849855423,15.51
77.8991253376,-2.8861,77.8992052078,17.33
77.9560673237,-2.8892,77.9560823441,15.85
78.0055284500,-2.8861,78.0055620670,16.07
78.0532422066,-2.8892,78.0532753468,13.83
78.1036679745,-2.8876,78.1037030220,13.86
78.1527540684,-2.8907,78.1527941227,13.97
78.2019941807,-2.8861,78.2020306587,12.87
78.2552108765,-2.8876,78.2552416325,12.01
78.3043711185,-2.8907,78.304412365,12.01
78.3576552868,-2.8907,78.3576812744,11.85
78.4068531990,-2.8907,78.4069051743,11.25
78.4559538364,-2.8922,78.4559924603,12.78
78.5053012371,-2.8907,78.5053491592,12.61
78.5584394932,-2.8922,78.5584969521,12.67
78.6172480583,-2.8892,78.6172754765,12.09
78.6614189148,-2.8892,78.6614513397,12.96
78.7097558975,-2.8907,78.7097826004,13.61
78.7630753517,-2.8907,78.7631208897,18.83
78.8120937347,-2.8907,78.8121356964,26.01
78.8653421402,-2.8907,78.8653776646,28.98
78.9146656990,-2.8892,78.9147152901,30.44
78.9637815952,-2.8922,78.9638314247,30.23
79.0130138397,-2.8907,79.0130572319,31.21
79.0662386417,-2.8892,79.0662970543,32.56
79.1155169010,-2.8922,79.1155593395,32.57
79.1687681675,-2.8907,79.1688475609,30.71
79.2217741013,-2.8907,79.2217919827,31.38
79.2711672783,-2.8907,79.2711822987,32.02
79.3200957775,-2.8907,79.3201422691,33.19
79.3693003654,-2.8938,79.3693373203,31.64
79.4225232601,-2.8907,79.4225668907,30.86
79.4716930389,-2.8922,79.4717416763,28.9
79.5207648277,-2.8922,79.5207922459,27.52
79.5740003586,-2.8938,79.5740327835,27.7
79.6231920719,-2.8953,79.6232421398,24.02
79.6724164486,-2.8953,79.6724414825,20.58
79.7257483006,-2.8922,79.7258260250,19.91
79.7807672024,-2.8953,79.7807960510,20.32
79.8242604733,-2.8922,79.8242928982,20.36
79.8778920174,-2.8953,79.8779158592,19.26
79.9323456287,-2.8984,79.9323608875,20.41
79.9790227413,-2.8984,79.9790530205,18.96
80.0315890312,-2.8953,80.0316078663,17.31
80.0793073177,-2.8938,80.0793247223,15.55
80.1311364174,-2.8968,80.1311717033,13.7
80.1801979542,-2.8984,80.1802353859,12.53
80.2334759235,-2.8953,80.2334957123,10.79
80.2826371193,-2.8953,80.2826910019,8.58
80.3318631649,-2.8938,80.3318939209,7.61
80.3849856853,-2.8953,80.3850257397,5.46
80.4341990948,-2.8938,80.4342265129,3.82
80.4873669147,-2.8922,80.4874217510,0.86
80.5364480019,-2.8953,80.5365035534,-4.48
80.5857789516,-2.8922,80.5858063698,-8.03
80.6348428726,-2.8938,80.6348776817,-8.1
80.6839931011,-2.8907,80.6840260029,-9.75
80.7370843887,-2.8922,80.7371122837,-10.83
80.7862672806,-2.8907,80.7863066196,-11.79
80.8353910446,-2.8892,80.8354141712,-12.52
80.8920977116,-2.8907,80.8921151161,-14.34
80.9379489422,-2.8892,80.9379668236,-14.69
80.9870769978,-2.8876,80.9871101379,-15.91
81.0402543545,-2.8892,81.0402953625,-17.61
81.0894596577,-2.8922,81.0894935131,-17.88
81.1386163235,-2.8876,81.1386518478,-20.28
81.1877019405,-2.8876,81.1877563,-21.03
81.2410564423,-2.8876,81.2410948277,-22.83
81.2941675186,-2.8861,81.2942242622,-27.52
81.3434019089,-2.8861,81.3434453011,-27.26
81.3926596642,-2.8861,81.3926999569,-29.5
81.4479193687,-2.8846,81.4479470253,-28.1
81.4962339401,-2.8846,81.4962627888,-28.74
81.5464801788,-2.8861,81.5465147495,-29.08
81.5934586525,-2.883,81.5934920311,-31.35
81.6464431286,-2.8861,81.6464776993,-29.09
81.6954929829,-2.883,81.6955158710,-29.03
81.7451794147,-2.8846,81.7452142239,-30.19
81.7938075066,-2.883,81.7938477993,-30.68
81.8429753780,-2.8861,81.8430159092,-29.99
81.8963050842,-2.8846,81.8963425159,-29.16
81.9489369392,-2.8876,81.9489653111,-28.34
81.994699955,-2.8861,81.9947607517,-24.66
82.0479507446,-2.8846,82.0480256081,-22.77
82.1061258316,-2.8861,82.1061413288,-18.98
82.148881197,-2.883,82.1489083767,-11.54
82.1992545128,-2.8846,82.1992714405,1.72
82.2485020161,-2.883,82.2485361099,4.31
82.2976965904,-2.8861,82.2977235317,7.69
82.3508677483,-2.8846,82.3508944511,7.72
82.4000353813,-2.8846,82.4000606537,9.46
82.4532589912,-2.8861,82.4532999992,9.23
82.5024831295,-2.8876,82.5025131702,9.85
82.5516421795,-2.8892,82.5516707897,8.56
82.6006777287,-2.8846,82.6007044315,8.6
82.6540107727,-2.8846,82.6540439129,8.45
82.7086079121,-2.8861,82.7086303234,8.47
82.7563989162,-2.8861,82.7564229965,8.62
82.8055503368,-2.8861,82.8055915833,8.64
82.8588056564,-2.8846,82.8588452339,9.52
82.9078731537,-2.8876,82.9079172611,8.64
82.961057663,-2.8861,82.9610953331,9.25
83.0102028847,-2.8892,83.0102562904,7.7
83.0594937801,-2.8876,83.0595219135,8.6
83.1086952686,-2.8876,83.1087393761,6.74
83.1618809700,-2.8892,83.1619541645,6.82
83.2110333443,-2.8876,83.2110829353,6.88
83.2643494606,-2.8861,83.2644031048,7.67
83.3174161911,-2.8876,83.3174340725,7.47
83.3664400578,-2.8892,83.3664734364,7.04
83.4158413410,-2.8876,83.4158830643,7.7
83.4649903774,-2.8907,83.4650237560,6.65
83.5182113647,-2.8876,83.5182468891,5.43
83.5673463345,-2.8892,83.5673716068,3.83
83.6164700985,-2.8861,83.6165063381,1.69
83.6695628166,-2.8876,83.6696040630,-3.58
83.7188577652,-2.8861,83.7189013958,-9.81
83.7680919170,-2.8876,83.7681257725,-12.66
83.8173193932,-2.8876,83.8173685074,-16.09
83.8721256256,-2.8846,83.8721661568,-17.21
83.9208772182,-2.8846,83.9208955765,-17.18
83.9692635536,-2.8861,83.9692804813,-17.27
84.0220274925,-2.883,84.0220608711,-14.4
84.0711467266,-2.8846,84.0711805820,-13.6
84.1202895641,-2.883,84.1203241348,-8.96
84.1734099388,-2.8846,84.1734464169,1.7
84.2226500511,-2.8876,84.2226948738,4.18
84.275854826,-2.8846,84.2758827209,6.05
84.3250906467,-2.8861,84.3251478672,8.54
84.3742496967,-2.8861,84.3743081093,11.15
84.4275281429,-2.8876,84.4275696278,11.96
84.4866423607,-2.8892,84.4866669178,14.39
84.533210516,-2.8861,84.5332467556,14.23
84.5793035030,-2.8876,84.5793278217,12.84
84.6941409111,-2.8876,84.6941747665,13.76
84.6944215298,-2.8861,84.6944291592,13.61
84.7346613407,-2.8876,84.7346925735,15.24
84.7838270664,-2.8892,84.7838578224,15.2
84.8371157646,-2.8876,84.8371536732,16.3
84.8861825466,-2.8876,84.8862268925,18.06
84.9395129681,-2.8861,84.9395678043,20.59
84.9886453152,-2.8876,84.988683939,23.86
85.0441780090,-2.883,85.0442085266,27.51
85.0927910805,-2.8861,85.0928199291,29.37
85.1502521038,-2.8846,85.1502804756,30.82
85.1948034763,-2.8861,85.1948308945,32.82
85.2435047626,-2.8846,85.2435367107,31.51
85.2963879108,-2.8846,85.2964060307,30.86
85.3449602127,-2.8846,85.3449838161,29.85
85.3941202164,-2.883,85.3941559792,31.01
85.4474344254,-2.883,85.4474852085,32.15
85.4964053631,-2.8815,85.4964323044,30.36
85.5457155704,-2.8815,85.5457646847,29.91
85.5989480019,-2.8846,85.5989971161,33.12
85.6480739117,-2.883,85.6481020451,31.16
85.697273016,-2.883,85.6973078251,29.85
85.7516956329,-2.8846,85.7517797947,33.15
85.8047571182,-2.8846,85.8047869205,30.97
85.8573963642,-2.883,85.8574147224,32.46
85.9039976597,-2.883,85.90402174,31.96
85.9552037716,-2.883,85.9552435875,32.94
86.0043776035,-2.883,86.0044202805,31.66
86.0534830093,-2.8846,86.0535244942,30.89
86.1026482582,-2.8846,86.1026833057,30.01
86.1559669971,-2.8861,86.1559991837,29.83
86.2050495148,-2.8846,86.2050988674,26.78
86.258389473,-2.8846,86.2584626675,22.36
86.3075187206,-2.8861,86.3075973988,21.4
86.3570652008,-2.8846,86.3571112156,22.41
86.4155921936,-2.8876,86.4156265259,21.54
86.4640333652,-2.8861,86.4640562534,21.07
86.5081124306,-2.8892,86.5081548691,19.97
86.5572252274,-2.8907,86.5572454929,20.71
86.6104099751,-2.8938,86.6104443073,19.32
86.6596772671,-2.8922,86.6597146988,17.75
86.7128710747,-2.8968,86.7128987312,16.81
86.7619450092,-2.8953,86.7619915009,14.43
86.8153574467,-2.8999,86.8154015541,10.53
86.8684375286,-2.8999,86.8685216904,7.61
86.9176428318,-2.903,86.9176688194,4.57
86.9731810093,-2.9045,86.9732058048,1.67
87.0242629051,-2.906,87.0242848396,-4.07
87.0701665878,-2.9106,87.0701863766,-9.04
87.1210649014,-2.9122,87.1211023331,-11.7
87.1715943813,-2.9168,87.1716299057,-13.84
87.2207510471,-2.9183,87.2207872868,-14.54
87.2698683739,-2.9198,87.2698969841,-15.23
87.3191001415,-2.9214,87.3191318512,-16.46
87.3722474575,-2.926,87.3722853661,-17.14
87.4214823246,-2.926,87.4215278625,-17.02
87.4706702232,-2.926,87.4707212448,-15.5
87.5197954178,-2.929,87.5198276043,-16.17
87.5730514526,-2.9275,87.5731194019,-14.37
87.6222486496,-2.9321,87.6223094463,-13.75
87.67507267,-2.9352,87.6750876904,-13.54
87.7243208885,-2.9367,87.7243492603,-14.57
87.7724833488,-2.9367,87.7725014687,-13.11
87.8227398396,-2.9398,87.8227767944,-14.4
87.8720140457,-2.9398,87.872055769,-15.3
87.9211192131,-2.9413,87.9211606979,-18.65
87.9702754021,-2.9459,87.9703009129,-19.9
88.0235702991,-2.9475,88.0236222744,-21.81
88.0726521015,-2.949,88.07269907,-22.97
88.125856638,-2.9475,88.1259064674,-24.68
88.1750335693,-2.9505,88.175082922,-24.48
88.2243354321,-2.9536,88.2243938446,-21.5
88.2735323906,-2.9551,88.2736151218,-23.19
88.3227350712,-2.9536,88.3227763176,-21.04
88.3823182583,-2.9567,88.3823473454,-22.02
88.4298524857,-2.9551,88.4298934937,-22.17
88.4769408703,-2.9567,88.4769566059,-22.04
88.5273749828,-2.9567,88.5274105072,-19.48
88.5763423443,-2.9582,88.5763788223,-21.89
88.6295962334,-2.9551,88.6296303272,-20.14
88.6787931919,-2.9551,88.6788415909,-22.12
88.7279009819,-2.9567,88.7279543877,-21.76
88.7772200108,-2.9582,88.7772493362,-21.61
88.826363802,-2.9567,88.8264062405,-21.17
88.8796019554,-2.9536,88.8796339035,-19.99
88.9286429882,-2.9536,88.9286990166,-19.67
88.9777591228,-2.9521,88.9777884483,-19.08
89.0347335339,-2.9505,89.0347619057,-20.75
89.0802657604,-2.9505,89.0802979469,-18.85
89.1292526722,-2.949,89.1292977333,-19.04
89.1784663200,-2.9505,89.1785047054,-17.23
89.2317492962,-2.9505,89.2317829132,-18.03
89.2809426785,-2.9475,89.2809762955,-16.95
89.3300864697,-2.949,89.3301320076,-17.76
89.3833830357,-2.949,89.3834314346,-19.85
89.432500124,-2.949,89.4325444698,-16.95
89.4816901684,-2.9475,89.4817221165,-19.38
89.5308613777,-2.9475,89.5309259892,-21.4
89.5840685368,-2.949,89.5840923786,-21.5
89.6339359283,-2.949,89.6340003014,-23.71
89.6862452030,-2.9475,89.686273098,-25.33
89.7347004414,-2.9475,89.7347335815,-23.41
89.7846038342,-2.949,89.784621954,-23.41
89.8337774277,-2.949,89.8338088989,-23.03
89.8829813004,-2.9505,89.8830256462,-23.22
89.9361786842,-2.949,89.9362008572,-24.74
89.9853537083,-2.949,89.9853947163,-23.59
90.0346212387,-2.949,90.0346500874,-24.14
90.0877840519,-2.9475,90.0878221989,-21.86
90.1371657848,-2.949,90.1372439861,-20.57
90.1861891747,-2.9475,90.1862444878,-18.9
90.2353558540,-2.9444,90.2353792191,-16.28
90.2885539532,-2.9459,90.2885992527,-8.88
90.3420858383,-2.9413,90.3421108723,2.57
90.3911461830,-2.9444,90.3912632465,5.11
90.4401535988,-2.9413,90.4402246475,7.49
90.4923601151,-2.9413,90.4923903942,11.28
90.5384411812,-2.9383,90.5384614468,14.55
90.5916311741,-2.9383,90.5916728973,19.6
90.6407814026,-2.9352,90.6408033371,21.87
90.6940269470,-2.9352,90.6940553188,20.45
90.743070364,-2.9352,90.7431075573,20.27
90.7922585011,-2.9321,90.7922976017,21.35
90.8439292908,-2.9275,90.8439502716,19.54
90.8945162296,-2.929,90.8945467472,23.29
90.9438588619,-2.926,90.9439074993,25.36
90.9932141304,-2.9244,90.9933283329,25.85
91.0422866344,-2.9244,91.0423676968,27.45
91.0958662033,-2.9214,91.0960242748,25.85
91.1490848064,-2.9183,91.1491405964,24.29
91.1980106831,-2.9152,91.1980292797,26.13
91.2467291355,-2.9168,91.2467699051,22.78
91.2960219383,-2.9137,91.2960543633,22.21
91.3451063633,-2.9091,91.3451297283,24.02
91.3984613419,-2.9076,91.3984942436,25.97
91.4476034641,-2.9076,91.4476430416,28.35
91.5008671284,-2.903,91.5008993149,31.09
91.5499992371,-2.903,91.5500359535,31.02
91.603274107,-2.8984,91.6033358574,29.57
91.6562387943,-2.8968,91.6562583447,30.95
91.7109396458,-2.8938,91.7109565735,32.31
91.7584478855,-2.8907,91.7584767342,31.12
91.8044497967,-2.8907,91.8044862747,32.1
91.8530175686,-2.8892,91.8530514240,30.16
91.9062335491,-2.8861,91.9062669277,32.38
91.9554240704,-2.8846,91.9554598331,30.37
92.0086796284,-2.8846,92.0087168217,30.51
92.0578255653,-2.883,92.0578603745,31.02
92.1068572998,-2.8815,92.1068980694,31.26
92.1560354233,-2.88,92.1560778618,30.74
92.2093200684,-2.88,92.2093679905,30.93
92.2624447346,-2.88,92.2624747753,33.41
92.3116323948,-2.88,92.3116843700,31.45
92.3663082123,-2.8784,92.3663372993,31.09
92.4125516415,-2.8769,92.4125795364,32.67
92.4641141891,-2.8784,92.4641504288,32.73
92.5124619007,-2.8784,92.5125045776,30.16
92.5656936169,-2.8769,92.5657315254,29.23
92.6148593426,-2.8784,92.6149065495,28.44
92.6640141010,-2.8769,92.6640551090,28.57
92.7171897888,-2.8784,92.7172269821,28.19
92.7663915157,-2.88,92.7664365768,28.47
92.8194482327,-2.88,92.8194885254,25.9
92.8689031601,-2.88,92.8689379692,25.17
92.9181509018,-2.8784,92.9182171822,26.81
92.9712197781,-2.8784,92.9712412357,29.1
93.0245645046,-2.8754,93.0245926380,28.98
93.0714459419,-2.88,93.0714805126,30.89
93.1187875271,-2.8784,93.118817091,29.96
93.1718888283,-2.88,93.1719267368,31.02
93.2210423946,-2.8784,93.2210803032,29.96
93.2742667198,-2.88,93.2742979527,30.51
93.3233687878,-2.8815,93.323415041,30.89
93.3764941692,-2.883,93.3765296936,31.68
93.4258790016,-2.883,93.425921917,29.89
93.4750299454,-2.8815,93.4750750065,27.94
93.5242567062,-2.883,93.5243039131,28.19
93.5773899555,-2.8815,93.5774276257,27.52
93.6322500706,-2.8815,93.6322748661,27.5
93.6789624691,-2.8784,93.6789867878,26.03
93.7255241871,-2.8815,93.725543499,25.62
93.7779145241,-2.8784,93.7779400349,26.72
93.8272101879,-2.8784,93.8272411823,23.97
93.8804404736,-2.8754,93.8804831505,23.11
93.9296448231,-2.8784,93.9296841621,20.75
93.9827289581,-2.8769,93.9827780724,18.14
94.0318834782,-2.8769,94.0319199562,13.76
94.0852251053,-2.8769,94.0852649212,9.48
94.134339571,-2.8754,94.1343894005,5.99
94.1874890327,-2.8784,94.1875169277,1.67
94.238601923,-2.8754,94.2386198044,-2.61
94.2862834930,-2.8754,94.2863116264,-6.3
94.3349633217,-2.8754,94.3350014687,-6.45
94.3841350079,-2.8754,94.3841743469,-8.06
94.4373993874,-2.8738,94.4374482632,-11.65
94.4865572453,-2.8769,94.486594677,-17.75
94.5398354530,-2.8769,94.5398693085,-21.35
94.58903265,-2.8815,94.5890738964,-24.02
94.6382448673,-2.8784,94.6382899284,-26.82
94.6874551773,-2.8815,94.6875061989,-27.97
94.7406358719,-2.88,94.7407040596,-27.22
94.7930781841,-2.8784,94.7931246758,-28.34
94.8452751637,-2.8784,94.8453080654,-26.45
94.8909261227,-2.8815,94.8909420967,-25.13
94.9375040531,-2.88,94.9375343323,-20.46
94.9903888702,-2.8815,94.9904320240,-17.75
95.0396370888,-2.88,95.0396835804,-11.24
95.0886745453,-2.883,95.0887112617,2.56
95.1378188133,-2.8815,95.137850523,8.24
95.1911609173,-2.8846,95.1912097931,14.07
95.2401587963,-2.8815,95.2402055264,18.67
95.2893967628,-2.8861,95.2894470692,22.16
95.3428275585,-2.8861,95.3428969383,20.68
95.3919460773,-2.8861,95.392023325,21.77
95.4409444332,-2.8892,95.4409942627,19.82
95.4941031933,-2.8907,95.4941761494,17.72
95.5441877842,-2.8892,95.5442893505,16.94
95.5926623344,-2.8922,95.5926995277,15.22
95.6457078457,-2.8922,95.6457500458,14.72
95.6949710846,-2.8938,95.6949956417,12.87
95.7439899445,-2.8922,95.7440309525,12.84
95.7972390652,-2.8922,95.7972736359,12.01
95.8463466167,-2.8938,95.8464090824,9.4
95.8996253014,-2.8953,95.8996694088,8.58
95.9487173557,-2.8953,95.9487440586,8.54
96.0019140244,-2.8938,96.0019490719,8.36
96.0512135029,-2.8968,96.0512609482,9.29
96.1004641056,-2.8984,96.1005051136,9.23
96.1585330963,-2.8968,96.1585676670,10.07
96.2030818462,-2.8984,96.2031159401,10.8
96.2517402172,-2.8968,96.2517595291,11.98
96.3009135723,-2.8984,96.3009541035,13.31
96.3542680740,-2.8999,96.3543009758,12.9
96.4034326077,-2.9014,96.4034748077,14.49
96.4565885067,-2.9014,96.4566338062,13.76
96.5073530674,-2.906,96.5073709488,13.73
96.5590302944,-2.9045,96.5590643883,14.55
96.6081690788,-2.906,96.6082007885,15.48
96.6614446640,-2.9091,96.6614980698,17.2
96.7106182575,-2.9091,96.7106609344,18.87
96.7598674297,-2.9091,96.7599172592,20.5
96.808996439,-2.9106,96.8090524673,23.1
96.8624117374,-2.9106,96.8624730110,25.47
96.9138646126,-2.9137,96.9138784409,26.13
96.9643821716,-2.9152,96.9644224644,25.77
97.013607502,-2.9106,97.0136387348,26.54
97.0627875328,-2.9137,97.0628180504,25.62
97.1160652637,-2.9122,97.1161103249,24.29
97.1652116776,-2.9091,97.1652445793,22.96
97.2143003941,-2.9106,97.2143423557,20.05
97.2676208019,-2.9091,97.2676582336,16.26
97.3167524338,-2.9091,97.3167881966,11.15
97.3701879978,-2.9076,97.3702373505,6.67
97.4189696312,-2.9106,97.4189941883,2.5
97.4739897251,-2.9076,97.4740254879,-1.74
97.5227038860,-2.9091,97.5227446556,-7.9
97.5721130371,-2.906,97.572149992,-10.52
97.6237967014,-2.906,97.6238276958,-10.88
97.6730618477,-2.9091,97.6731078625,-10.78
97.7222359180,-2.9076,97.7222795486,-12.21
97.7713165283,-2.9076,97.7713444233,-12.72
97.8248174191,-2.9076,97.8248693943,-12.72
97.8738501072,-2.9091,97.873893261,-13.06
97.9229452610,-2.9091,97.9229993820,-13.57
97.972206831,-2.9106,97.9722507,-13.5
98.0260581970,-2.9076,98.0260846615,-12.19
98.0787093639,-2.9122,98.0787479877,-10.78
98.1268348694,-2.9137,98.1268620491,-11.68
98.1774067879,-2.9106,98.1774289608,-10.52
98.2260036469,-2.9106,98.2260375023,-8.06
98.2751569748,-2.9122,98.2751915455,-3.61
98.3242871761,-2.9106,98.3243169785,1.52
98.3777520657,-2.9091,98.377802372,0.76
98.4266548157,-2.9122,98.4266910553,1.54
98.4798731804,-2.9091,98.4799058437,1.38
98.5290043354,-2.9091,98.5290634632,0.77
98.5823917389,-2.9076,98.5824260712,2.55
98.631644249,-2.9076,98.6317009926,2.56
98.6847949028,-2.906,98.6848349571,0.85
98.7408807278,-2.9091,98.7409060001,0.4
98.7887334824,-2.9076,98.7887504101,0.27
98.8361914158,-2.9091,98.8362264633,0.85
98.8852765560,-2.9076,98.8852965832,-0.29
98.9345645905,-2.9122,98.93460989,-0.81
98.9836332798,-2.9106,98.9836797714,-1.81
99.0367970467,-2.9122,99.0368461609,-4.6
99.0860228539,-2.9122,99.0860700607,-3.53
99.1353154182,50.5,99.1353683472,-7.86
99.1882572174,-3.1944,99.1883068085,-3.15
99.2335817814,-3.1929,99.2336370945,-6.51
99.2868609428,-3.1914,99.286901474,-7.18
99.3435103893,-3.1929,99.3435263634,-9.81
99.3884112835,-3.1929,99.3884527683,-10.6
99.4424743652,-3.1898,99.4425008297,-11.54
99.4880669117,3019.5,99.4880936146,-15.18
99.5369446278,-3.1975,99.536962986,-15.83
99.5897958279,-3.1975,99.5898389816,-18.47
99.6390485764,-3.1975,99.6390988827,-18.69
99.6881930828,-3.196,99.6882367134,-19.04
99.7373797894,-3.1944,99.7374069691,-18.39
99.7865278721,-3.1944,99.7865602970,-18.22
99.8398172855,-3.1944,99.8398871422,-18.69
99.888931036,-3.1929,99.8889615536,-16.28
99.9380600452,-3.1914,99.9381141663,-16.15
99.9874413013,-3.1929,99.9874837399,-13.32
100.0404310226,-3.1929,100.0405035019,-6.14
100.0895574093,-3.1898,100.0896065235,2.3
100.1447703838,-3.1898,100.1447911263,3.06
100.1960847378,-3.1898,100.1961133480,2.96
100.2475342751,-3.1883,100.2475650311,4.4
100.2945246696,-3.1883,100.2945485115,4.53
100.3475878239,-3.1883,100.3476343155,4.55
100.3967404366,-3.1868,100.396774292,5.14
100.4499900341,-3.1868,100.4500155449,5.11
100.4991538525,-3.1868,100.4991984367,6.83
100.5524001122,-3.1852,100.5524325371,9.11
100.6016018391,-3.1822,100.6016304493,12.62
100.6507806778,-3.1822,100.6508362293,15.41
100.6999950409,-3.1837,100.7000846863,17.89
100.7586779594,-3.1822,100.758695364,19.67
100.8077857494,-3.1806,100.8078165054,22.32
100.8513917923,-3.1806,100.8514316082,22.26
100.9004566669,-3.1791,100.9004876614,23.14
100.9537262917,-3.1776,100.9537696838,23.06
101.0029296875,-3.1791,101.0029625893,22.31
101.0561945438,-3.176,101.0562305450,19.73
101.1053106785,-3.176,101.1053519249,17.61
101.1545054913,-3.176,101.1545522213,12.81
101.2036776543,-3.1745,101.2037239075,7.65
101.2568645477,-3.173,101.2569274902,3.39
101.3061282635,-3.173,101.306188345,0.86
101.3596200943,-3.1699,101.3597595692,-4.02
101.4125220776,-3.1699,101.4125368595,-7.15
101.4613363743,-3.1683,101.4613718987,0.86
101.5106821060,-3.1668,101.5107111931,0.28
101.5599322319,-3.1653,101.5599808693,0.28
101.6130697727,-3.1668,101.6131083965,1.7
101.6622395515,-3.1653,101.6622865200,6.01
101.7115809917,-3.1653,101.7116315365,9.17
101.7647902966,-3.1653,101.7648572922,13.55
101.8178873062,-3.1622,101.8179595470,17.94
101.8672680855,-3.1622,101.8673162460,18.75
101.9231684208,-3.1607,101.9231975079,23.1
101.9729366302,-3.1591,101.9729537964,24.11
102.0199568272,-3.1591,102.0199744701,25.82
102.0718374252,-3.1591,102.0718791485,27.23
102.1210780144,-3.1591,102.1211137772,26.45
102.1701312065,-3.1591,102.1701688766,26.66
102.2234454155,-3.1576,102.2234859467,28.61
102.2726128101,-3.1561,102.2726545334,27.52
102.3257255554,-3.1561,102.3257696629,27.45
102.3750965595,-3.1545,102.3751592636,23.92
102.4242401123,-3.153,102.4243052006,23.29
102.4735999107,-3.1545,102.4736926556,20.18
102.5325109959,-3.1515,102.5325417519,16.01
102.5798125267,-3.153,102.5798425674,11.15
102.6292169094,-3.1499,102.6292603016,5.32
102.6779592037,-3.1499,102.6779932976,0.77
102.7270760536,-3.1484,102.7271080017,-4.06
102.7803134918,-3.1469,102.7803525925,-9.
102.8295903206,-3.1484,102.8296296597,-12.6
102.8787403107,-3.1469,102.8787770271,-15.47
102.9279713631,-3.1469,102.9280040264,-17.23
102.9812531471,-3.1453,102.9813148975,-19.95
103.0260994434,-3.1438,103.0261347294,-22.3
103.0796320438,-3.1438,103.0796732903,-24.42
103.1288943291,-3.1438,103.128937006,-25.33
103.1832237244,-3.1438,103.1832504272,-25.29
103.2349798679,-3.1438,103.2350113392,-25.21
103.2819170952,-3.1423,103.2819538116,-25.39
103.3294463158,-3.1407,103.3294675350,-22.28
103.3824462891,-3.1392,103.3824901581,-22.51
103.4317078590,-3.1407,103.4317507744,-18.13
103.4808518887,-3.1392,103.4808926582,-17.17
103.5299770832,-3.1392,103.5300240517,-13.54
103.5831277370,-3.1361,103.583152771,-2.7
103.6323068142,-3.1361,103.6323492527,2.58
103.6814181805,-3.1377,103.6814618111,8.58
103.7306182384,-3.1346,103.7306478024,12.81
103.7839334011,-3.1346,103.7839841843,18.5
103.8329873085,-3.1346,103.8330252171,20.32
103.8823883533,-3.1346,103.8824725151,22.47
103.9376518726,-3.1331,103.9376835823,24.14
103.9886147976,-3.1331,103.9886476994,27.61
104.0344991684,-3.1315,104.0345482826,28.47
104.0868833065,-3.1315,104.0869250298,29.24
104.1361143589,-3.1315,104.1361544132,30.13
104.1896169186,-3.13,104.1896634102,28.53
104.2345428467,-3.13,104.2345936298,29.01
104.2876896858,-3.13,104.2877283096,27.67
104.3368713856,-3.1285,104.3369095325,24.35
104.390073061,-3.1285,104.3901207447,19.86
104.4392740726,-3.1269,104.4393057823,15.51
104.4884057045,-3.1269,104.4884648323,8.48
104.5416598320,-3.1269,104.5417141914,3.35
104.5908668041,-3.1254,104.5909245014,-0.21
104.6442501545,-3.1269,104.6443285942,-7.62
104.7030947208,-3.1239,104.7031257153,-11.43
104.7483751774,-3.1239,104.7484197617,-12.72
104.7913575172,-3.1223,104.7913751602,-13.9
104.8482279778,-3.1223,104.8482520580,-14.01
104.8938767910,-3.1223,104.8939170837,-14.69
104.9470653534,-3.1208,104.9471018314,-15.41
104.9921698570,-3.1208,104.9922196865,-15.91
105.0454745293,-3.1193,105.0455284119,-15.45
105.094783783,-3.1193,105.0948147774,-15.57
105.1437776089,-3.1193,105.1438143253,-16.2
105.1928594112,-3.1177,105.1929104328,-16.28
105.2462069988,-3.1177,105.2462542057,-14.56
105.2993273735,-3.1162,105.2993683815,-14.99
105.3442676067,-3.1162,105.3442890644,-12.63
105.3980491161,-3.1162,105.3980679512,-13.08
105.4467892647,-3.1162,105.4468300343,-14.47
105.5024385452,-3.1131,105.5024821758,-15.3
105.5449972153,-3.1116,105.5450222492,-16.32
105.5946466923,-3.1131,105.5946693420,-17.23
105.6474959850,-3.1116,105.6475331783,-17.31
105.6966147423,-3.1101,105.6966557503,-18.73
105.7457036972,-3.1101,105.745749712,-19.9
105.7948474884,-3.1101,105.7948777676,-19.04
105.8482692242,-3.1101,105.8483207226,-20.53
105.8974950314,-3.107,105.8975369930,-19.9
105.9466495514,-3.107,105.9467127323,-19.99
105.9998054504,-3.107,105.9998393059,-21.66
106.0540056229,-3.1055,106.0540230274,-22.67
106.0994663239,-3.1039,106.0995106697,-22.8
106.1470475197,-3.1039,106.1470825672,-23.52
106.2002816200,-3.1055,106.200309515,-24.48
106.2494368553,-3.1039,106.249475956,-24.69
106.2985932827,-3.1024,106.2986199856,-26.23
106.3477442265,-3.1009,106.3477902412,-26.29
106.4009747505,-3.1024,106.401001215,-27.8
106.4501340389,-3.1009,106.4501650333,-29.43
106.4992861748,-3.0993,106.499322176,-29.25
106.5525717735,-3.0993,106.5526163578,-29.85
106.6017222404,-3.0993,106.6017520428,-29.71
106.6522841454,-3.0978,106.6523082256,-28.87
106.7087657452,-3.0978,106.7087812424,-30.92
106.7573251724,-3.0978,106.7573568821,-29.87
106.8048624992,-3.0993,106.8048768044,-29.29
106.8556017876,-3.0978,106.8556187153,-28.61
106.9048426151,-3.0963,106.9048721790,-28.06
106.9540228844,-3.0963,106.9540514946,-31.09
107.0032267570,-3.0963,107.0032625198,-31.57
107.0523927212,-3.0932,107.0524218082,-28.58
107.1054987907,-3.0932,107.1055371761,-29.5
107.1549155712,-3.0901,107.1549601555,-29.91
107.2037911415,-3.0916,107.2038345337,-29.23
107.2531046867,-3.0916,107.2531516552,-29.
107.3062551022,-3.0932,107.3062958717,-26.94
107.3555264473,-3.0916,107.3555550575,-29.43
107.4046700001,-3.0916,107.4046971798,-30.82
107.4610002041,-3.0932,107.461016655,-28.1
107.5078988075,-3.0978,107.5079157352,-27.45
107.5592634678,-3.0963,107.5592801571,-28.44
107.6051740646,-3.0993,107.6052150726,-28.94
107.6585087776,-3.0978,107.6585447788,-27.68
107.7075955868,-3.0947,107.7076356411,-25.33
107.7567796707,-3.0947,107.7568190098,-25.8
107.8059940338,-3.0932,107.806016922,-25.57
107.8552746773,-3.0932,107.8553094864,-25.38
107.9082331657,-3.0886,107.9082677364,-27.58
107.9573926926,-3.0886,107.9574334621,-25.84
108.0065412521,-3.0886,108.0065815449,-26.94
108.0578699112,-3.0901,108.0579080582,-24.74
108.1102304459,-3.0886,108.1102683544,-25.78
108.1581068039,-3.0916,108.1581265926,-25.45
108.2072224617,-3.0916,108.2072579861,-25.63
108.2604839802,-3.0947,108.2605044842,-22.77
108.3097040653,-3.0947,108.3097279072,-21.76
108.3589253426,-3.0916,108.3589539528,-18.65
108.4080677032,-3.0932,108.4081125259,-17.14
108.461340189,-3.0901,108.4613924026,-5.41
108.5103411674,-3.0886,108.5103912354,2.56
108.5596859455,-3.0886,108.5597419739,6.88
108.6127855778,-3.0901,108.6128342152,15.48
108.6619114876,-3.087,108.6619653702,22.31
108.7176663876,-3.0886,108.7176949978,25.97
108.7684364319,-3.0901,108.7684707642,29.56
108.8169562817,-3.0901,108.816975832,31.67
108.8666841984,-3.0916,108.8667049408,30.09
108.9158012867,-3.0901,108.9158365726,32.6
108.9650394917,-3.0916,108.9650616646,30.61
109.0182969570,-3.0886,109.0183439255,33.24
109.0673036575,-3.0901,109.0673511028,31.29
109.1205949783,-3.0916,109.1206274033,29.84
109.1698360443,-3.0901,109.1698710918,32.76
109.2189412117,-3.0916,109.2189860344,30.57
109.268073082,-3.0886,109.2681133747,32.18
109.3213260174,-3.0901,109.3213627338,31.53
109.3731892109,-3.0901,109.3732142448,30.83
109.4243187904,-3.0916,109.4243407249,31.88
109.4727630615,-3.0901,109.4728004932,31.14
109.5264773369,-3.0916,109.5264947414,30.13
109.5715990067,-3.0916,109.5716278553,30.54
109.6243946552,-3.0932,109.6244478226,31.23
109.6735227108,-3.0916,109.6735434532,32.9
109.7228012085,-3.0916,109.7228395939,33.21
109.7759392262,-3.0916,109.7759623528,31.64
109.8251783848,-3.0916,109.8252255917,31.57
109.8742992878,-3.0901,109.8743433952,27.99
109.9274432659,-3.0916,109.9274849892,24.99
109.9767541885,-3.0901,109.9767899513,20.73
110.0259823799,-3.087,110.0260269642,18.46
110.0791521072,-3.0916,110.0791807175,15.44
110.1292533875,-3.087,110.1292757988,13.67
110.1774089336,-3.0901,110.1774318218,12.84
110.2305989265,-3.0886,110.2306330204,12.93
110.2798061371,-3.0901,110.2798275948,15.22
110.3328950405,-3.0886,110.3329479694,20.96
110.3821015358,-3.087,110.3821320534,26.13
110.4313097000,-3.0886,110.4313576221,29.62
110.4845712185,-3.087,110.4846138954,29.96
110.5338079929,-3.087,110.5338513851,29.34
110.5872137547,-3.087,110.5873045921,29.32
110.6416912079,-3.0855,110.641715765,31.51
110.6929209232,-3.084,110.6929419041,32.62
110.741509676,-3.0855,110.7415444851,32.18
110.7890331745,-3.0855,110.7890634537,32.18
110.8407433033,-3.0855,110.8407855034,33.5
110.8899781704,-3.084,110.8900141716,29.64
111.0419089794,-3.084,111.0419359207,30.23
111.0424582958,-3.0824,111.042475462,30.95
111.0458080769,-3.0824,111.0458369255,32.82
111.0948064327,-3.0824,111.0948550701,30.03
111.1438717842,-3.0809,111.1439175606,29.89
111.1971828938,-3.0794,111.1972436905,30.28
111.2466073036,-3.0794,111.2466402054,28.44
111.2972702980,-3.0794,111.2973120213,25.62
111.3448951244,-3.0794,111.3449320793,23.97
111.3978874683,-3.0824,111.3979263306,22.86
111.4470000267,-3.0778,111.4470360279,24.13
111.5001280308,-3.0794,111.5001733303,23.86
111.5494341850,-3.0778,111.5494790077,24.99
111.6025886536,-3.0778,111.6026313305,25.74
111.6518318653,-3.0763,111.6518707275,26.13
111.7049162388,-3.0763,111.7049701214,26.3
111.7542829514,-3.0748,111.7543413639,28.66
111.8034744263,-3.0732,111.8035278320,27.64
111.8567039967,-3.0732,111.8567733765,25.68
111.9088215828,-3.0717,111.9088399410,24.18
111.9553868771,-3.0732,111.9554147720,26.78
112.0081558228,-3.0732,112.0081965923,24.18
112.0572769642,-3.0732,112.0573103428,22.81
112.1104977131,-3.0702,112.1105411053,22.06
112.1597003937,-3.0702,112.1597363949,20.84
112.2088580132,-3.0686,112.2089033127,17.68
112.2621171474,-3.0702,112.2621529102,15.22
112.3113510609,-3.0671,112.3114101887,12.99
112.3646304607,-3.0686,112.3646969795,9.91
112.4137420654,-3.0656,112.4137849808,6.85
112.4643526077,-3.0671,112.4644026756,5.8
112.5180196762,-3.064,112.5180537701,5.84
112.5658106804,-3.0656,112.5658416748,4.22
112.614274025,-3.064,112.6142926216,2.53
112.6674668789,-3.064,112.6674931049,0.43
112.7166728973,-3.0625,112.7167098522,0.28
112.7699046135,-3.0625,112.7699272633,-6.32
112.8191094398,-3.0625,112.8191585541,-9.77
112.8683087826,-3.061,112.8683502674,-12.69
112.9174220562,-3.061,112.9174673557,-13.6
112.9665770531,-3.0594,112.9666404724,-16.2
113.0158584118,-3.0594,113.0159044266,-15.54
113.0690250397,-3.0579,113.0690577030,-16.32
113.1213738918,-3.0594,113.1213898659,-14.78
113.1726164818,-3.0594,113.1726560593,-11.65
113.2204172611,-3.0564,113.2204546928,0.45
113.2694814205,-3.0548,113.2695093155,-1.8
113.3227422237,-3.0548,113.3227827549,0.76
113.3720180988,-3.0548,113.3720583916,3.43
113.4211716652,-3.0548,113.4211993217,6.74
113.4744691849,-3.0548,113.4745213985,9.25
113.5236461163,-3.0548,113.5236749649,10.98
113.5727803707,-3.0533,113.5728096962,12.53
113.6259222031,-3.0533,113.6259634495,15.37
113.6750240326,-3.0518,113.6750729084,16.58
113.7241728306,-3.0518,113.7242157459,18.71
113.7774519920,-3.0518,113.7775058746,16.84
113.8267147541,-3.0518,113.826782465,17.47
113.8800978661,-3.0502,113.8801617622,15.34
113.9303014278,-3.0502,113.9303300381,15.02
113.9906637669,-3.0518,113.9907007217,15.31
114.0317215919,-3.0518,114.0318026543,15.17
114.0804867744,-3.0502,114.0805463791,17.51
114.129786253,-3.0502,114.1298060417,18.54
114.1801064014,-3.0502,114.1801409721,19.44
114.2321856022,-3.0502,114.2322039604,20.02
114.2812948227,-3.0472,114.2813372612,20.06
114.3304080963,-3.0472,114.3304522038,20.18
114.3836388588,-3.0487,114.383671999,19.73
114.432751894,-3.0487,114.4327862263,20.5
114.4860947132,-3.0487,114.4861347675,19.73
114.5355334282,-3.0472,114.5355877876,20.14
114.588565588,-3.0487,114.5886030197,22.01
114.6377742290,-3.0472,114.6378226280,26.72
114.6908590794,-3.0487,114.6909124851,27.45
114.7453815937,-3.0472,114.7454068661,28.06
114.7931082249,-3.0456,114.7931239605,29.24
114.8424131870,-3.0487,114.8424327374,30.41
114.8916122913,-3.0487,114.8916444778,28.5
114.9449772835,-3.0472,114.9450187683,29.76
114.993973732,-3.0456,114.9940156937,28.31
115.0472438335,-3.0472,115.0472726822,29.37
115.096262455,-3.0441,115.09629035,29.76
115.1456387043,-3.0456,115.1456670761,32.53
115.1989033222,-3.0456,115.1989469528,30.85
115.247843504,-3.0441,115.2478816509,29.3
115.3074879646,-3.0441,115.3075175285,31.16
115.3532652855,-3.0441,115.3532853127,31.09
115.3998723030,-3.0426,115.399889946,31.31
115.452583313,-3.0441,115.4526040554,30.86
115.5018463135,-3.0456,115.5018885136,30.99
115.5510146618,-3.0426,115.5510499477,31.51
115.604269743,-3.0426,115.6043186188,31.14
115.6534571648,-3.0426,115.6534848213,30.44
115.7025570869,-3.041,115.7025899887,30.82
115.7558825016,-3.041,115.7559652328,29.31
115.8050458431,-3.041,115.8050916195,30.09
115.8583190441,-3.0395,115.8584134579,30.3
115.9107720852,-3.0395,115.9108004570,33.69
115.9598152637,-3.0395,115.9598443508,30.89
116.0095155239,-3.041,116.0095372200,29.89
116.0588810444,-3.0395,116.058911562,28.5
116.1080420017,-3.038,116.108083725,29.24
116.1611444950,-3.038,116.1611776352,30.71
116.2104358673,-3.038,116.2104814053,30.97
116.2596042156,-3.0364,116.2596297264,31.39
116.308737278,-3.0364,116.3087818623,32.66
116.3620028496,-3.0364,116.3620419502,29.76
116.4111552238,-3.0349,116.4111890793,30.41
116.4644827843,-3.0349,116.4645557404,30.44
116.5189316273,-3.0334,116.5189647675,30.23
116.5646440983,-3.0334,116.5646741390,32.75
116.6159155369,-3.0318,116.6159641743,29.23
116.6650066376,-3.0318,116.6650416851,30.21
116.7182381153,-3.0303,116.7182629108,29.43
116.7674221992,-3.0288,116.7674729824,29.2
116.8165791035,-3.0288,116.8166100979,29.96
116.8657464981,-3.0288,116.8657734394,30.1
116.9188983440,-3.0288,116.9189190865,30.95
116.968154192,-3.0272,116.9682047367,30.54
117.0172812939,-3.0272,117.0173311234,29.83
117.0704295635,-3.0242,117.0704905987,29.36
117.1241223812,-3.0226,117.1241576672,32.62
117.1708950996,-3.0226,117.1709239483,30.46
117.2238614559,-3.0226,117.2238988876,29.36
117.271229744,-3.0196,117.2712528706,29.92
117.3202192783,-3.0226,117.3202540874,30.97
117.3735473156,-3.0211,117.3735923767,33.31
117.4227468967,-3.0196,117.4227824211,29.5
117.4718496799,-3.0196,117.4718811512,31.42
117.5251057148,-3.0196,117.5251464844,31.52
117.5743050575,-3.0196,117.5743429661,31.59
117.6233789921,-3.018,117.6234183311,32.46
117.67689991,-3.018,117.6769561768,32.51
117.7257800102,-3.018,117.7258064747,31.02
117.7845134735,-3.018,117.7845408916,32.1
