header_update,time,w,theta
10:21:02.955,-0.3,-6.4557
10:21:04.521,-0.3,-0.10189999999999966
10:21:04.566,-0.3,-0.11570000000000036
10:21:04.613,-0.3,-0.11880000000000024
10:21:04.658,-0.3,-0.1203000000000003
10:21:04.705,-0.3,-0.12490000000000023
10:21:04.750,-0.3,-0.12340000000000018
10:21:04.797,-0.3,-0.12650000000000006
10:21:04.844,-0.3,-0.11880000000000024
10:21:04.882,-0.3,-0.1311
10:21:04.936,-0.3,-0.11880000000000024
10:21:04.983,-0.3,-0.1064999999999996
10:21:05.029,-0.3,-0.10350000000000037
10:21:05.078,-0.3,-0.10189999999999966
10:21:05.124,-0.3,-0.08809999999999985
10:21:05.171,-0.3,-0.07739999999999991
10:21:05.217,-0.3,-0.08349999999999991
10:21:05.264,-0.3,-0.06050000000000022
10:21:05.310,-0.3,-0.05900000000000016
10:21:05.358,-0.3,-0.051300000000000345
10:21:05.405,-0.3,-0.04359999999999964
10:21:05.451,-0.3,-0.023699999999999832
10:21:05.499,-0.3,-0.022199999999999775
10:21:05.544,-0.3,-0.016000000000000014
10:21:05.591,-0.3,-0.000700000000000145
10:21:05.638,-0.3,-0.000700000000000145
10:21:05.684,-0.3,-0.000700000000000145
10:21:05.730,-0.3,0.016200000000000436
10:21:05.777,-0.3,0.023900000000000254
10:21:05.824,-0.3,0.01159999999999961
10:21:05.870,-0.3,0.005499999999999616
10:21:05.916,-0.3,0.00849999999999973
10:21:05.964,-0.3,0.01159999999999961
10:21:06.012,-0.3,0.005499999999999616
10:21:06.060,-0.3,-0.02059999999999995
10:21:06.106,-0.3,0.0008999999999996788
10:21:06.152,-0.3,-0.02519999999999989
10:21:06.198,-0.3,-0.017599999999999838
10:21:06.244,-0.3,-0.03289999999999971
10:21:06.290,-0.3,-0.029799999999999827
10:21:06.336,-0.3,-0.037499999999999645
10:21:06.382,-0.3,-0.0636000000000001
10:21:06.428,-0.3,-0.04980000000000029
10:21:06.476,-0.3,-0.05740000000000034
10:21:06.523,-0.3,-0.06510000000000016
10:21:06.569,-0.3,-0.07580000000000009
10:21:06.615,-0.3,-0.07889999999999997
10:21:06.662,-0.3,-0.08040000000000003
10:21:06.724,-0.3,-0.07739999999999991
10:21:06.755,-0.3,-0.09269999999999978
10:21:06.817,-0.3,-0.08349999999999991
10:21:06.863,-0.3,-0.09119999999999973
10:21:06.908,-0.3,-0.10189999999999966
10:21:06.954,-0.3,-0.09119999999999973
10:21:07.001,-0.3,-0.07889999999999997
10:21:07.047,-0.3,-0.09579999999999966
10:21:07.093,-0.3,-0.07889999999999997
10:21:07.139,-0.3,-0.07739999999999991
10:21:07.187,-0.3,-0.06050000000000022
10:21:07.233,-0.3,-0.05590000000000028
10:21:07.281,-0.3,-0.07580000000000009
10:21:07.324,-0.3,-0.07580000000000009
10:21:07.370,-0.3,-0.04209999999999958
10:21:07.417,-0.3,-0.048199999999999577
10:21:07.459,-0.3,-0.040600000000000414
10:21:07.507,-0.3,-0.0528000000000004
10:21:07.556,-0.3,-0.051300000000000345
10:21:07.603,-0.3,-0.04980000000000029
10:21:07.649,-0.3,-0.034399999999999764
10:21:07.694,-0.3,-0.0389999999999997
10:21:07.741,-0.3,-0.02519999999999989
10:21:07.787,-0.3,-0.03139999999999965
10:21:07.834,-0.3,-0.0389999999999997
10:21:07.886,-0.3,-0.023699999999999832
10:21:07.930,-0.3,-0.04980000000000029
10:21:07.975,-0.3,-0.05590000000000028
10:21:08.023,-0.3,-0.0636000000000001
10:21:08.068,-0.3,-0.08499999999999996
10:21:08.116,-0.3,-0.09119999999999973
10:21:08.164,-0.3,-0.09119999999999973
10:21:08.210,-0.3,-0.08659999999999979
10:21:08.256,-0.3,-0.06050000000000022
10:21:08.304,-0.3,-0.040600000000000414
10:21:08.352,-0.3,-0.011400000000000077
10:21:08.398,-0.3,0.01159999999999961
10:21:08.443,-0.3,0.03310000000000013
10:21:08.490,-0.3,0.0484
10:21:08.537,-0.3,0.0730000000000004
10:21:08.586,-0.3,0.08680000000000021
10:21:08.632,-0.3,0.08980000000000032
10:21:08.678,-0.3,0.11129999999999995
10:21:08.729,-0.3,0.10360000000000014
10:21:08.771,-0.3,0.08830000000000027
10:21:08.832,-0.3,0.0929000000000002
10:21:08.878,-0.3,0.07449999999999957
10:21:08.916,-0.3,0.08370000000000033
10:21:08.964,-0.3,0.04689999999999994
10:21:09.012,-0.3,0.042300000000000004
10:21:09.060,-0.3,0.02540000000000031
10:21:09.100,-0.3,-0.008300000000000196
10:21:09.148,0.65,-0.016000000000000014
10:21:09.201,-0.21,-0.011400000000000077
10:21:09.244,0.96,-0.029799999999999827
10:21:09.292,1.28,-0.026799999999999713
10:21:09.340,1.25,-0.02519999999999989
10:21:09.387,1.25,-0.03289999999999971
10:21:09.427,1.25,-0.023699999999999832
10:21:09.479,1.25,-0.03599999999999959
10:21:09.526,1.25,-0.02829999999999977
10:21:09.572,1.25,-0.040600000000000414
10:21:09.618,1.25,-0.04980000000000029
10:21:09.665,1.25,-0.04670000000000041
10:21:09.717,1.25,-0.048199999999999577
10:21:09.761,1.25,-0.04520000000000035
10:21:09.804,1.11,-0.0389999999999997
10:21:09.852,1.29,-0.03599999999999959
10:21:09.900,1.29,-0.02829999999999977
10:21:09.947,1.29,-0.037499999999999645
10:21:09.993,1.29,-0.04359999999999964
10:21:10.040,1.29,-0.03599999999999959
10:21:10.085,1.29,-0.054400000000000226
10:21:10.130,1.29,-0.051300000000000345
10:21:10.179,1.29,-0.0528000000000004
10:21:10.227,1.29,-0.040600000000000414
10:21:10.274,1.29,-0.037499999999999645
10:21:10.320,1.29,-0.040600000000000414
10:21:10.367,1.29,-0.04670000000000041
10:21:10.413,1.29,-0.054400000000000226
10:21:10.459,1.29,-0.05740000000000034
10:21:10.507,1.29,-0.051300000000000345
10:21:10.552,1.29,-0.05590000000000028
10:21:10.600,1.29,-0.06050000000000022
10:21:10.649,0.66,-0.06510000000000016
10:21:10.695,0.66,-0.06050000000000022
10:21:10.743,0.66,-0.04670000000000041
10:21:10.791,0.66,-0.06050000000000022
10:21:10.836,0.66,-0.06200000000000028
10:21:10.881,0.66,-0.08349999999999991
10:21:10.928,0.66,-0.051300000000000345
10:21:10.974,1.29,-0.06820000000000004
10:21:11.035,1.29,-0.07120000000000015
10:21:11.081,1.29,-0.05590000000000028
10:21:11.128,1.29,-0.06200000000000028
10:21:11.174,1.29,-0.0528000000000004
10:21:11.220,1.29,-0.06820000000000004
10:21:11.266,-0.01,-0.0528000000000004
10:21:11.312,0.03,-0.0528000000000004
10:21:11.360,1.25,-0.040600000000000414
10:21:11.406,-1.29,-0.04980000000000029
10:21:11.453,-1.29,-0.04209999999999958
10:21:11.500,1.26,-0.040600000000000414
10:21:11.547,1.26,-0.026799999999999713
10:21:11.592,1.26,-0.03289999999999971
10:21:11.639,1.26,-0.029799999999999827
10:21:11.686,0.97,-0.03139999999999965
10:21:11.732,0.97,-0.02519999999999989
10:21:11.779,0.97,-0.02829999999999977
10:21:11.824,0.97,-0.026799999999999713
10:21:11.871,0.97,-0.02519999999999989
10:21:11.917,0.97,-0.029799999999999827
10:21:11.963,0.97,-0.040600000000000414
10:21:12.010,0.97,-0.040600000000000414
10:21:12.056,0.97,-0.04520000000000035
10:21:12.103,0.97,-0.03599999999999959
10:21:12.149,0.97,-0.04520000000000035
10:21:12.194,0.97,-0.04359999999999964
10:21:12.241,0.97,-0.040600000000000414
10:21:12.302,0.97,-0.04520000000000035
10:21:12.348,1.29,-0.048199999999999577
10:21:12.395,1.29,-0.04670000000000041
10:21:12.441,1.29,-0.048199999999999577
10:21:12.489,1.29,-0.06820000000000004
10:21:12.536,1.29,-0.05900000000000016
10:21:12.567,1.29,-0.0528000000000004
10:21:12.629,1.29,-0.05590000000000028
10:21:12.675,1.02,-0.048199999999999577
10:21:12.721,1.02,-0.048199999999999577
10:21:12.768,1.02,-0.04980000000000029
10:21:12.816,1.02,-0.04359999999999964
10:21:12.862,1.02,-0.040600000000000414
10:21:12.909,1.25,-0.04980000000000029
10:21:12.956,1.25,-0.054400000000000226
10:21:13.003,1.25,-0.051300000000000345
10:21:13.049,1.25,-0.04209999999999958
10:21:13.095,1.25,-0.04980000000000029
10:21:13.142,1.25,-0.04980000000000029
10:21:13.189,1.25,-0.0528000000000004
10:21:13.234,1.25,-0.05900000000000016
10:21:13.281,1.29,-0.06050000000000022
10:21:13.327,1.29,-0.05590000000000028
10:21:13.373,1.29,-0.03289999999999971
10:21:13.419,1.29,-0.054400000000000226
10:21:13.466,1.29,-0.05900000000000016
10:21:13.512,1.29,-0.037499999999999645
10:21:13.558,1.29,-0.048199999999999577
10:21:13.605,1.29,-0.0389999999999997
10:21:13.650,1.29,-0.04980000000000029
10:21:13.696,1.29,-0.037499999999999645
10:21:13.743,1.29,-0.037499999999999645
10:21:13.789,1.29,-0.05740000000000034
10:21:13.836,1.29,-0.04520000000000035
10:21:13.882,1.29,-0.05740000000000034
10:21:13.927,1.1,-0.05590000000000028
10:21:13.989,1.1,-0.05740000000000034
10:21:14.035,1.1,-0.05590000000000028
10:21:14.081,1.1,-0.0389999999999997
10:21:14.127,1.1,-0.05740000000000034
10:21:14.175,1.1,-0.04359999999999964
10:21:14.220,1.1,-0.051300000000000345
10:21:14.267,1.29,-0.04670000000000041
10:21:14.314,1.29,-0.054400000000000226
10:21:14.359,1.29,-0.04520000000000035
10:21:14.405,1.27,-0.051300000000000345
10:21:14.451,0.98,-0.054400000000000226
10:21:14.496,0.98,-0.048199999999999577
10:21:14.541,0.98,-0.040600000000000414
10:21:14.587,0.98,-0.0697000000000001
10:21:14.633,0.98,-0.0636000000000001
10:21:14.680,0.98,-0.04980000000000029
10:21:14.726,0.98,-0.0528000000000004
10:21:14.773,1.26,-0.048199999999999577
10:21:14.820,1.26,-0.0528000000000004
10:21:14.866,1.26,-0.04980000000000029
10:21:14.912,1.26,-0.054400000000000226
10:21:14.959,1.26,-0.04670000000000041
10:21:15.006,1.26,-0.040600000000000414
10:21:15.054,1.26,-0.03599999999999959
10:21:15.102,1.26,-0.04670000000000041
10:21:15.149,1.26,-0.04520000000000035
10:21:15.194,1.26,-0.048199999999999577
10:21:15.240,1.26,-0.048199999999999577
10:21:15.286,1.26,-0.040600000000000414
10:21:15.347,1.3,-0.04209999999999958
10:21:15.393,1.3,-0.051300000000000345
10:21:15.440,1.3,-0.04209999999999958
10:21:15.487,1.3,-0.051300000000000345
10:21:15.534,1.3,-0.04359999999999964
10:21:15.581,1.3,-0.051300000000000345
10:21:15.627,-1.1,-0.04980000000000029
10:21:15.674,-1.29,-0.05900000000000016
10:21:15.721,-1.29,-0.023699999999999832
10:21:15.767,-1.29,0.02540000000000031
10:21:15.814,0.66,0.10519999999999996
10:21:15.860,-1.3,0.21410000000000018
10:21:15.905,-0.66,0.33530000000000015
10:21:15.952,1.3,0.42879999999999985
10:21:15.999,0.12,0.6298000000000004
10:21:16.045,0.12,0.7755000000000001
10:21:16.092,1.37,0.9397000000000002
10:21:16.139,-0.47,1.0899999999999999
10:21:16.186,1.34,1.2480000000000002
10:21:16.232,0.64,1.3814000000000002
10:21:16.278,-1.32,1.5364000000000004
10:21:16.325,1.36,1.6714000000000002
10:21:16.372,-0.69,1.8354999999999997
10:21:16.418,0.44,2.0058
10:21:16.464,1.36,2.13
10:21:16.511,-1.36,2.2251000000000003
10:21:16.559,-0.26,2.3278999999999996
10:21:16.607,-1.36,2.3954000000000004
10:21:16.654,0.33,2.3968999999999996
10:21:16.699,0.2,2.4276
10:21:16.745,0.2,2.4706
10:21:16.792,-0.61,2.5503
10:21:16.838,-0.32,2.6424000000000003
10:21:16.884,-0.69,2.7835
10:21:16.929,-0.44,2.9124
10:21:16.976,-1.36,2.9890000000000008
10:21:17.022,-2.3,3.0626999999999995
10:21:17.070,-1.37,3.1639
10:21:17.116,-1.36,3.216100000000001
10:21:17.162,-0.63,3.2360000000000007
10:21:17.209,-0.47,3.2314000000000007
10:21:17.255,-1.4,3.2590000000000003
10:21:17.317,-1.37,3.2636000000000003
10:21:17.365,-0.63,3.2636000000000003
10:21:17.409,0.22,3.226800000000001
10:21:17.455,0.19,3.1792999999999996
10:21:17.501,0.7,3.1578
10:21:17.548,0.7,3.0810999999999993
10:21:17.593,0.47,3.0656999999999996
10:21:17.639,0.12,3.0059000000000005
10:21:17.686,-0.2,2.975199999999999
10:21:17.733,-0.26,2.9047
10:21:17.780,-0.1,2.8263999999999996
10:21:17.827,0.15,2.8217999999999996
10:21:17.873,0.69,2.7482000000000006
10:21:17.919,0.69,2.6454000000000004
10:21:17.965,0.32,2.5794999999999995
10:21:18.011,1.36,2.4429999999999996
10:21:18.057,1.33,2.3463000000000003
10:21:18.104,2.71,2.2282
10:21:18.151,1.32,2.1101
10:21:18.197,1.32,2.0042
10:21:18.244,1.33,1.9076000000000004
10:21:18.291,2.05,1.8369999999999997
10:21:18.336,1.34,1.7220000000000004
10:21:18.383,1.32,1.6529999999999996
10:21:18.428,2.74,1.5670000000000002
10:21:18.490,1.32,1.4305000000000003
10:21:18.536,2.69,1.3247
10:21:18.583,4.08,1.2417999999999996
10:21:18.629,2.73,1.1314000000000002
10:21:18.675,2.72,1.0500999999999996
10:21:18.722,2.31,0.9273999999999996
10:21:18.769,2.71,0.8093000000000004
10:21:18.814,2.29,0.7279999999999998
10:21:18.861,1.28,0.6513
10:21:18.907,1.26,0.6021999999999998
10:21:18.952,1.26,0.5499999999999998
10:21:18.998,0.64,0.45950000000000024
10:21:19.044,1.29,0.4180999999999999
10:21:19.091,0.58,0.3982000000000001
10:21:19.136,0.6,0.3536999999999999
10:21:19.180,0.26,0.33370000000000033
10:21:19.227,0.32,0.3152999999999997
10:21:19.274,-0.25,0.29380000000000006
10:21:19.320,-0.64,0.2647000000000004
10:21:19.366,-1.25,0.2049000000000003
10:21:19.412,1.27,0.1741999999999999
10:21:19.458,1.0,0.13429999999999964
10:21:19.521,-1.1,0.07760000000000034
10:21:19.552,-1.1,0.060699999999999754
10:21:19.614,-1.1,0.005499999999999616
10:21:19.663,1.29,-0.0129999999999999
10:21:19.709,-0.65,-0.026799999999999713
10:21:19.757,-1.07,-0.05900000000000016
10:21:19.805,-1.07,-0.08349999999999991
10:21:19.849,-1.29,-0.09579999999999966
10:21:19.911,-1.29,-0.12950000000000017
10:21:19.942,-1.29,-0.14329999999999998
10:21:20.004,-1.29,-0.15559999999999974
10:21:20.051,-1.29,-0.17100000000000026
10:21:20.097,-1.29,-0.1756000000000002
10:21:20.143,-1.29,-0.17860000000000031
10:21:20.189,-1.29,-0.17250000000000032
10:21:20.235,-1.29,-0.16629999999999967
10:21:20.282,-1.29,-0.16940000000000044
10:21:20.328,-1.29,-0.1509999999999998
10:21:20.374,-1.29,-0.1341000000000001
10:21:20.420,-1.29,-0.10810000000000031
10:21:20.466,-1.29,-0.12950000000000017
10:21:20.514,-1.29,-0.09579999999999966
10:21:20.562,-1.29,-0.07739999999999991
10:21:20.608,-1.29,-0.06510000000000016
10:21:20.656,-1.29,-0.04520000000000035
10:21:20.702,-1.27,-0.04520000000000035
10:21:20.749,-1.03,-0.034399999999999764
10:21:20.797,-1.03,-0.016000000000000014
10:21:20.843,-1.29,0.006999999999999673
10:21:20.890,-1.25,-0.000700000000000145
10:21:20.936,-1.27,0.03310000000000013
10:21:20.984,-0.65,0.028500000000000192
10:21:21.030,-0.65,0.0484
10:21:21.078,-0.6,0.05449999999999999
10:21:21.126,0.08,0.05149999999999988
10:21:21.174,-0.6,0.0484
10:21:21.221,-0.96,0.06679999999999975
10:21:21.267,0.07,0.04689999999999994
10:21:21.312,-1.28,0.0484
10:21:21.358,-1.28,0.04070000000000018
10:21:21.404,-1.28,0.02230000000000043
10:21:21.450,-0.66,0.031500000000000306
10:21:21.496,-1.27,0.010100000000000442
10:21:21.543,0.02,0.013099999999999667
10:21:21.591,-0.79,-0.016000000000000014
10:21:21.638,-0.79,-0.02059999999999995
10:21:21.685,-1.29,-0.017599999999999838
10:21:21.733,-1.29,-0.023699999999999832
10:21:21.779,-1.29,-0.048199999999999577
10:21:21.825,-1.29,-0.0528000000000004
10:21:21.872,-1.28,-0.07279999999999998
10:21:21.919,-1.28,-0.07120000000000015
10:21:21.966,-0.66,-0.06200000000000028
10:21:22.013,-0.66,-0.08349999999999991
10:21:22.059,-1.29,-0.06820000000000004
10:21:22.105,-0.97,-0.08349999999999991
10:21:22.151,-0.66,-0.08809999999999985
10:21:22.197,-0.66,-0.08199999999999985
10:21:22.242,-0.65,-0.09890000000000043
10:21:22.289,-0.65,-0.1003999999999996
10:21:22.334,-0.65,-0.08659999999999979
10:21:22.381,-0.65,-0.08349999999999991
10:21:22.442,-0.65,-0.07430000000000003
10:21:22.489,-1.07,-0.08809999999999985
10:21:22.534,0.21,-0.07430000000000003
10:21:22.579,-0.77,-0.08809999999999985
10:21:22.626,-0.77,-0.09119999999999973
10:21:22.674,-1.29,-0.06510000000000016
10:21:22.721,-1.28,-0.06510000000000016
10:21:22.769,-1.26,-0.0528000000000004
10:21:22.817,-1.26,-0.04670000000000041
10:21:22.864,-1.26,-0.04980000000000029
10:21:22.911,-1.26,-0.04209999999999958
10:21:22.943,-1.26,-0.034399999999999764
10:21:22.990,-1.25,-0.04520000000000035
10:21:23.050,-1.25,-0.026799999999999713
10:21:23.095,-0.65,-0.022199999999999775
10:21:23.142,-0.65,-0.026799999999999713
10:21:23.188,-1.29,-0.014499999999999957
10:21:23.235,-1.09,-0.03139999999999965
10:21:23.280,-1.29,-0.034399999999999764
10:21:23.328,-1.09,-0.00990000000000002
10:21:23.374,-1.26,-0.026799999999999713
10:21:23.422,-1.26,-0.03599999999999959
10:21:23.469,-1.29,-0.0528000000000004
10:21:23.516,-1.29,-0.02829999999999977
10:21:23.564,-1.29,-0.029799999999999827
10:21:23.609,-1.29,-0.023699999999999832
10:21:23.655,-1.29,-0.03599999999999959
10:21:23.702,-1.28,-0.0528000000000004
10:21:23.748,-1.28,-0.0528000000000004
10:21:23.794,-1.28,-0.03139999999999965
10:21:23.839,-1.28,-0.05900000000000016
10:21:23.885,-1.28,-0.04980000000000029
10:21:23.931,-1.28,-0.05740000000000034
10:21:23.978,-1.12,-0.06200000000000028
10:21:24.027,-1.28,-0.04520000000000035
10:21:24.074,-1.25,-0.054400000000000226
10:21:24.119,-1.25,-0.06200000000000028
10:21:24.166,-1.25,-0.04670000000000041
10:21:24.214,-1.25,-0.06050000000000022
10:21:24.260,-0.6,-0.06050000000000022
10:21:24.306,-1.29,-0.054400000000000226
10:21:24.353,-1.28,-0.07279999999999998
10:21:24.400,-1.28,-0.0528000000000004
10:21:24.445,-1.09,-0.05900000000000016
10:21:24.491,-1.28,-0.054400000000000226
10:21:24.538,-1.29,-0.04359999999999964
10:21:24.585,-0.65,-0.04670000000000041
10:21:24.645,-1.27,-0.040600000000000414
10:21:24.692,-1.29,-0.04209999999999958
10:21:24.739,-1.29,-0.04209999999999958
10:21:24.786,-1.29,-0.04520000000000035
10:21:24.833,-1.29,-0.04520000000000035
10:21:24.880,-1.04,-0.04359999999999964
10:21:24.912,-1.04,-0.02829999999999977
10:21:24.974,-0.66,-0.048199999999999577
10:21:25.036,-1.29,-0.04520000000000035
10:21:25.081,0.02,-0.04980000000000029
10:21:25.129,-1.28,-0.029799999999999827
10:21:25.176,-1.28,-0.048199999999999577
10:21:25.222,-1.28,-0.04359999999999964
10:21:25.269,-1.28,-0.054400000000000226
10:21:25.315,-0.66,-0.04209999999999958
10:21:25.362,-1.29,-0.054400000000000226
10:21:25.410,-1.06,-0.051300000000000345
10:21:25.456,-0.65,-0.054400000000000226
10:21:25.502,-0.65,-0.03599999999999959
10:21:25.548,-1.02,-0.04209999999999958
10:21:25.594,-1.1,-0.04670000000000041
10:21:25.639,-1.29,-0.04359999999999964
10:21:25.686,-1.29,-0.051300000000000345
10:21:25.733,-1.29,-0.0389999999999997
10:21:25.779,0.06,-0.048199999999999577
10:21:25.826,0.06,-0.04209999999999958
10:21:25.871,-0.85,-0.03289999999999971
10:21:25.917,-1.29,-0.048199999999999577
10:21:25.963,-1.29,-0.034399999999999764
10:21:26.010,-1.29,-0.034399999999999764
10:21:26.056,-1.09,-0.04209999999999958
10:21:26.103,-1.09,-0.04209999999999958
10:21:26.150,-0.65,-0.03289999999999971
10:21:26.198,-0.6,-0.054400000000000226
10:21:26.246,-0.6,-0.04209999999999958
10:21:26.292,-1.26,-0.040600000000000414
10:21:26.339,-1.29,-0.05900000000000016
10:21:26.386,-1.29,-0.0389999999999997
10:21:26.433,-1.28,-0.054400000000000226
10:21:26.478,-1.28,-0.04520000000000035
10:21:26.526,-1.28,-0.051300000000000345
10:21:26.573,-1.28,-0.0528000000000004
10:21:26.619,-1.29,-0.04980000000000029
10:21:26.665,-1.29,-0.05900000000000016
10:21:26.711,-1.29,-0.05900000000000016
10:21:26.759,-1.29,-0.04209999999999958
10:21:26.806,-0.65,-0.04520000000000035
10:21:26.853,-1.28,-0.040600000000000414
10:21:26.899,-1.28,-0.048199999999999577
10:21:26.946,-1.28,-0.04359999999999964
10:21:26.992,0.44,-0.04520000000000035
10:21:27.040,-1.29,-0.051300000000000345
10:21:27.087,-1.29,-0.04359999999999964
10:21:27.134,-1.29,-0.04359999999999964
10:21:27.180,-1.29,-0.04980000000000029
10:21:27.228,-1.29,-0.0528000000000004
10:21:27.275,-1.29,-0.04980000000000029
10:21:27.322,-1.28,-0.048199999999999577
10:21:27.367,0.08,-0.03139999999999965
10:21:27.415,-1.26,-0.040600000000000414
10:21:27.460,-1.26,-0.054400000000000226
10:21:27.505,-1.26,-0.05740000000000034
10:21:27.552,-0.65,-0.040600000000000414
10:21:27.600,-0.61,-0.04520000000000035
10:21:27.646,-0.61,-0.04209999999999958
10:21:27.695,-0.61,-0.037499999999999645
10:21:27.742,-0.61,-0.034399999999999764
10:21:27.789,-0.6,-0.04520000000000035
10:21:27.836,-0.65,-0.034399999999999764
10:21:27.883,-0.65,-0.051300000000000345
10:21:27.930,-0.65,-0.04359999999999964
10:21:27.976,-1.25,-0.05590000000000028
10:21:28.021,-1.28,-0.054400000000000226
10:21:28.069,-1.29,-0.04670000000000041
10:21:28.116,-1.29,-0.04520000000000035
10:21:28.162,-1.28,-0.04209999999999958
10:21:28.208,-1.28,-0.04359999999999964
10:21:28.256,-1.25,-0.040600000000000414
10:21:28.317,-1.25,-0.04670000000000041
10:21:28.364,-1.25,-0.034399999999999764
10:21:28.410,-1.28,-0.04359999999999964
10:21:28.456,-1.28,-0.04359999999999964
10:21:28.503,-1.25,-0.048199999999999577
10:21:28.550,-1.03,-0.04980000000000029
10:21:28.598,0.02,-0.0389999999999997
10:21:28.643,-1.29,-0.04209999999999958
10:21:28.689,0.03,-0.04980000000000029
10:21:28.735,-1.29,-0.04359999999999964
10:21:28.782,-1.29,-0.0528000000000004
10:21:28.827,-1.29,-0.040600000000000414
10:21:28.872,-1.28,-0.05590000000000028
10:21:28.919,-1.26,-0.054400000000000226
10:21:28.965,-1.29,-0.040600000000000414
10:21:29.013,-1.1,-0.05740000000000034
10:21:29.062,-1.28,-0.02829999999999977
10:21:29.107,-0.64,0.026900000000000368
10:21:29.155,0.41,0.10060000000000002
10:21:29.201,1.29,0.19409999999999972
10:21:29.247,0.21,0.2999999999999998
10:21:29.293,1.25,0.4211999999999998
10:21:29.340,1.28,0.5423999999999998
10:21:29.387,1.28,0.6896000000000004
10:21:29.432,1.28,0.8246000000000002
10:21:29.478,0.08,0.9427000000000003
10:21:29.524,0.02,1.0624000000000002
10:21:29.571,-0.62,1.1421000000000001
10:21:29.617,-0.68,1.2187999999999999
10:21:29.663,-0.68,1.2925000000000004
10:21:29.708,-0.35,1.3247
10:21:29.769,0.44,1.3630000000000004
10:21:29.815,1.32,1.3600000000000003
10:21:29.862,1.13,1.3384999999999998
10:21:29.908,0.61,1.3047000000000004
10:21:29.954,0.46,1.2572
10:21:30.001,0.68,1.1696999999999997
10:21:30.046,0.59,1.1083999999999996
10:21:30.091,-1.36,0.9932999999999996
10:21:30.138,-1.36,0.8890000000000002
10:21:30.185,-0.68,0.7525000000000004
10:21:30.232,0.33,0.5822000000000003
10:21:30.279,-0.65,0.4333999999999998
10:21:30.327,-0.65,0.2508999999999997
10:21:30.373,-1.01,0.09440000000000026
10:21:30.419,-1.28,-0.09579999999999966
10:21:30.465,-1.27,-0.27369999999999983
10:21:30.512,-0.25,-0.4684999999999997
10:21:30.559,-0.16,-0.6280999999999999
10:21:30.605,-0.16,-0.7538999999999998
10:21:30.651,-0.16,-0.8888999999999996
10:21:30.698,-0.16,-0.9931999999999999
10:21:30.745,1.08,-1.0744999999999996
10:21:30.791,-0.63,-1.1665
10:21:30.838,-0.63,-1.1986999999999997
10:21:30.886,-1.36,-1.234
10:21:30.932,-0.34,-1.2492999999999999
10:21:30.979,-0.44,-1.2584999999999997
10:21:31.026,-0.44,-1.2416999999999998
10:21:31.072,-1.15,-1.2263000000000002
10:21:31.118,0.63,-1.1909999999999998
10:21:31.166,-0.33,-1.1281999999999996
10:21:31.213,0.22,-1.0376000000000003
10:21:31.258,0.69,-0.9562999999999997
10:21:31.305,0.63,-0.8612000000000002
10:21:31.351,1.35,-0.7247000000000003
10:21:31.397,1.29,-0.5667
10:21:31.458,1.29,-0.37650000000000006
10:21:31.489,1.29,-0.2706999999999997
10:21:31.551,1.29,-0.04359999999999964
10:21:31.597,1.1,0.10360000000000014
10:21:31.643,1.27,0.28770000000000007
10:21:31.689,1.27,0.43189999999999973
10:21:31.736,1.27,0.5853000000000002
10:21:31.781,1.29,0.6910999999999996
10:21:31.827,0.19,0.8047000000000004
10:21:31.873,1.36,0.8936000000000002
10:21:31.919,-1.35,0.9687999999999999
10:21:31.964,-1.11,1.0486000000000004
10:21:32.009,0.59,1.1037999999999997
10:21:32.054,-0.69,1.1253000000000002
10:21:32.100,0.15,1.1437
10:21:32.146,-0.33,1.1513
10:21:32.193,-1.09,1.1314000000000002
10:21:32.241,-0.35,1.1052999999999997
10:21:32.289,-0.35,1.0439999999999996
10:21:32.337,0.68,0.9657
10:21:32.384,1.33,0.8952
10:21:32.430,-0.46,0.8000999999999996
10:21:32.478,-0.43,0.6881000000000004
10:21:32.526,-0.65,0.5561999999999996
10:21:32.571,-0.65,0.4196
10:21:32.618,1.29,0.27700000000000014
10:21:32.665,-0.6,0.0990000000000002
10:21:32.712,-1.1,-0.048199999999999577
10:21:32.757,-0.6,-0.20319999999999983
10:21:32.804,1.27,-0.3581000000000003
10:21:32.851,1.27,-0.5252999999999997
10:21:32.896,-1.29,-0.6341999999999999
10:21:32.944,-1.29,-0.7553999999999998
10:21:32.992,-0.66,-0.8536000000000001
10:21:33.039,-0.66,-0.9363999999999999
10:21:33.084,-0.66,-1.0191999999999997
10:21:33.131,1.35,-1.0407000000000002
10:21:33.178,-3.08,-1.0484
10:21:33.225,-1.36,-1.0053999999999998
10:21:33.272,-0.47,-0.9348999999999998
10:21:33.319,-0.26,-0.8612000000000002
10:21:33.367,-0.68,-0.7538999999999998
10:21:33.413,-1.28,-0.6295999999999999
10:21:33.460,-1.1,-0.4485999999999999
10:21:33.507,-2.55,-0.26149999999999984
10:21:33.553,-2.91,-0.034399999999999764
10:21:33.601,-1.3,0.22940000000000005
10:21:33.647,-1.3,0.47330000000000005
10:21:33.694,-1.29,0.7493999999999996
10:21:33.741,-4.09,0.9672999999999998
10:21:33.787,-4.62,1.1712999999999996
10:21:33.835,-4.09,1.3415999999999997
10:21:33.881,-3.47,1.5118
10:21:33.928,-2.74,1.6698000000000004
10:21:33.976,-4.05,1.8354999999999997
10:21:34.023,-2.31,2.0195999999999996
10:21:34.069,-2.74,2.1745
10:21:34.129,-1.18,2.5150000000000006
10:21:34.176,-2.73,2.7544000000000004
10:21:34.222,-1.15,3.0243
10:21:34.267,-2.74,3.1930999999999994
10:21:34.314,-2.75,3.2882
10:21:34.361,-0.69,3.3971
10:21:34.406,0.27,3.450799999999999
10:21:34.453,0.42,3.456899999999999
10:21:34.499,0.42,3.4369999999999994
10:21:34.545,0.17,3.461499999999999
10:21:34.591,-1.14,3.4583999999999993
10:21:34.637,0.22,3.4338999999999995
10:21:34.684,1.12,3.460000000000001
10:21:34.730,0.7,3.470700000000001
10:21:34.777,0.7,3.464600000000001
10:21:34.823,0.69,3.464600000000001
10:21:34.871,0.44,3.4215999999999998
10:21:34.916,-0.43,3.4231999999999996
10:21:34.962,-0.61,3.4353999999999996
10:21:35.009,-0.69,3.4815000000000005
10:21:35.055,0.6,3.5121
10:21:35.102,0.6,3.5565999999999995
10:21:35.148,0.27,3.5996000000000006
10:21:35.193,-1.37,3.576599999999999
10:21:35.255,1.37,3.5673999999999992
10:21:35.302,0.69,3.5627999999999993
10:21:35.348,0.69,3.571999999999999
10:21:35.380,-0.64,3.571999999999999
10:21:35.443,-0.7,3.5565999999999995
10:21:35.491,0.05,3.571999999999999
10:21:35.538,0.63,3.571999999999999
10:21:35.587,-0.63,3.5397
10:21:35.633,-1.36,3.5489999999999995
10:21:35.678,-0.69,3.5397
10:21:35.740,1.1,3.5473999999999997
10:21:35.801,0.14,3.5489999999999995
10:21:35.848,-0.22,3.571999999999999
10:21:35.894,0.13,3.6118000000000006
10:21:35.940,1.14,3.6257
10:21:35.988,-1.36,3.6425
10:21:36.036,-0.17,3.6517
10:21:36.081,-0.2,3.6639999999999997
10:21:36.128,-1.15,3.6700999999999997
10:21:36.174,0.59,3.6869999999999994
10:21:36.221,-1.09,3.6854999999999993
10:21:36.268,0.11,3.6700999999999997
10:21:36.316,-1.36,3.6961999999999993
10:21:36.362,-0.17,3.694699999999999
10:21:36.409,-0.17,3.6930999999999994
10:21:36.455,-0.15,3.714600000000001
10:21:36.501,-0.15,3.7315000000000005
10:21:36.547,-0.23,3.7192000000000007
10:21:36.593,-0.16,3.7622
10:21:36.640,-1.31,3.7775
10:21:36.687,-0.23,3.7866999999999997
10:21:36.733,-0.11,3.776
10:21:36.779,-0.44,3.7805999999999997
10:21:36.824,1.16,3.779
10:21:36.872,0.05,3.7468000000000004
10:21:36.918,0.43,3.7499000000000002
10:21:36.966,1.36,3.7407000000000004
10:21:37.012,-1.34,3.7407000000000004
10:21:37.059,0.64,3.7438000000000002
10:21:37.104,0.64,3.7376000000000005
10:21:37.150,0.27,3.6976999999999993
10:21:37.197,0.33,3.6746999999999996
10:21:37.244,0.43,3.6670999999999996
10:21:37.290,0.17,3.6716999999999995
10:21:37.336,-0.1,3.6654999999999998
10:21:37.381,-0.69,3.6700999999999997
10:21:37.429,1.32,3.6884999999999994
10:21:37.476,-0.69,3.702400000000001
10:21:37.522,-1.36,3.7177000000000007
10:21:37.570,-0.14,3.7223000000000006
10:21:37.618,0.64,3.705399999999999
10:21:37.663,-1.15,3.7284000000000006
10:21:37.709,0.68,3.7131000000000007
10:21:37.770,0.68,3.7315000000000005
10:21:37.818,1.36,3.7346000000000004
10:21:37.850,1.36,3.7254000000000005
10:21:37.896,0.32,3.700799999999999
10:21:37.958,1.36,3.702400000000001
10:21:38.003,1.36,3.6884999999999994
10:21:38.049,-1.33,3.6746999999999996
10:21:38.096,1.36,3.6639999999999997
10:21:38.142,-0.44,3.6915999999999993
10:21:38.187,-0.33,3.6869999999999994
10:21:38.233,-0.44,3.6823999999999995
10:21:38.279,0.39,3.699299999999999
10:21:38.326,-0.02,3.7208000000000006
10:21:38.371,1.0,3.699299999999999
10:21:38.418,0.64,3.703900000000001
10:21:38.464,0.19,3.7177000000000007
10:21:38.509,0.19,3.7131000000000007
10:21:38.555,-0.04,3.7162000000000006
10:21:38.601,1.15,3.6777999999999995
10:21:38.648,-1.15,3.6563
10:21:38.695,-1.15,3.6318
10:21:38.742,-1.37,3.6272
10:21:38.788,1.32,3.5904000000000007
10:21:38.835,0.7,3.578099999999999
10:21:38.881,1.37,3.5980000000000008
10:21:38.927,-1.36,3.6134000000000004
10:21:38.974,-1.36,3.6088000000000005
10:21:39.036,-1.36,3.6287000000000003
10:21:39.081,-0.07,3.6624999999999996
10:21:39.128,1.36,3.7192000000000007
10:21:39.175,0.69,3.7223000000000006
10:21:39.221,-0.1,3.7223000000000006
10:21:39.267,-0.68,3.7192000000000007
10:21:39.312,-0.68,3.6961999999999993
10:21:39.358,1.32,3.6869999999999994
10:21:39.404,0.47,3.641
10:21:39.451,-0.69,3.6502
10:21:39.497,-0.44,3.6287000000000003
10:21:39.544,-1.34,3.6333
10:21:39.590,-1.15,3.6210000000000004
10:21:39.637,-1.15,3.6456
10:21:39.685,-1.15,3.6272
10:21:39.731,0.61,3.6532999999999998
10:21:39.776,-0.63,3.6731999999999996
10:21:39.822,-0.69,3.6792999999999996
10:21:39.868,0.63,3.710000000000001
10:21:39.916,-1.35,3.6900999999999993
10:21:39.962,-1.35,3.6961999999999993
10:21:40.009,1.35,3.6823999999999995
10:21:40.054,1.35,3.6502
10:21:40.101,-1.33,3.6548
10:21:40.148,0.7,3.6425
10:21:40.195,-0.7,3.6441
10:21:40.241,-1.15,3.6226000000000003
10:21:40.287,-1.15,3.6103000000000005
10:21:40.334,-1.15,3.6226000000000003
10:21:40.380,-0.69,3.6441
10:21:40.441,0.19,3.6287000000000003
10:21:40.488,-0.68,3.6532999999999998
10:21:40.534,0.15,3.6609
10:21:40.581,-0.69,3.6792999999999996
10:21:40.626,0.27,3.6593999999999998
10:21:40.674,-0.46,3.710000000000001
10:21:40.720,1.35,3.694699999999999
10:21:40.766,1.35,3.6808999999999994
10:21:40.812,1.36,3.6654999999999998
10:21:40.858,1.36,3.6609
10:21:40.904,1.1,3.6838999999999995
10:21:40.951,-0.69,3.6838999999999995
10:21:40.998,-1.15,3.6609
10:21:41.043,-0.47,3.6548
10:21:41.089,-0.2,3.6487
10:21:41.134,0.69,3.6471
10:21:41.180,-0.7,3.6425
10:21:41.227,-1.36,3.6379
10:21:41.273,1.14,3.6441
10:21:41.319,-1.36,3.6685999999999996
10:21:41.365,-1.36,3.6670999999999996
10:21:41.427,0.23,3.6609
10:21:41.488,-0.33,3.6425
10:21:41.534,0.33,3.6532999999999998
10:21:41.580,-0.69,3.6441
10:21:41.627,-1.36,3.6762999999999995
10:21:41.673,-0.46,3.6823999999999995
10:21:41.718,-0.43,3.6654999999999998
10:21:41.764,-0.43,3.6609
10:21:41.812,-0.7,3.6792999999999996
10:21:41.857,-1.36,3.6823999999999995
10:21:41.903,1.36,3.6930999999999994
10:21:41.949,0.33,3.6578999999999997
10:21:41.995,1.15,3.6609
10:21:42.041,-0.11,3.6624999999999996
10:21:42.086,0.17,3.6624999999999996
10:21:42.133,1.15,3.6746999999999996
10:21:42.179,-0.43,3.6364
10:21:42.226,0.47,3.6670999999999996
10:21:42.286,0.33,3.641
10:21:42.332,0.27,3.6670999999999996
10:21:42.378,-0.63,3.6548
10:21:42.425,-1.36,3.6333
10:21:42.471,-1.08,3.6777999999999995
10:21:42.518,-1.08,3.6777999999999995
10:21:42.565,0.16,3.6532999999999998
10:21:42.611,1.36,3.6624999999999996
10:21:42.655,0.69,3.6700999999999997
10:21:42.702,-1.36,3.6456
10:21:42.750,0.69,3.6670999999999996
10:21:42.796,1.36,3.6792999999999996
10:21:42.843,1.36,3.694699999999999
10:21:42.889,-0.69,3.6685999999999996
10:21:42.934,-1.37,3.6746999999999996
10:21:42.980,0.33,3.6670999999999996
10:21:43.028,-1.37,3.6777999999999995
10:21:43.075,-1.34,3.6609
10:21:43.121,-1.34,3.6700999999999997
10:21:43.168,0.19,3.6854999999999993
10:21:43.213,0.7,3.6670999999999996
10:21:43.259,-0.44,3.6792999999999996
10:21:43.306,-0.33,3.6808999999999994
10:21:43.351,-0.69,3.6731999999999996
10:21:43.396,1.36,3.6685999999999996
10:21:43.458,0.09,3.6548
10:21:43.503,0.7,3.6593999999999998
10:21:43.549,1.33,3.6548
10:21:43.597,-0.62,3.6532999999999998
10:21:43.644,-1.33,3.6854999999999993
10:21:43.689,-0.69,3.6517
10:21:43.735,-1.35,3.6700999999999997
10:21:43.782,-0.44,3.6593999999999998
10:21:43.829,-1.37,3.6762999999999995
10:21:43.875,-1.37,3.6593999999999998
10:21:43.920,-0.63,3.6548
10:21:43.967,0.33,3.6746999999999996
10:21:44.015,-0.63,3.6930999999999994
10:21:44.062,-1.36,3.6792999999999996
10:21:44.108,0.11,3.6609
10:21:44.155,-0.44,3.6854999999999993
10:21:44.201,0.59,3.6746999999999996
10:21:44.248,1.15,3.6731999999999996
10:21:44.296,1.31,3.6609
10:21:44.342,1.14,3.6639999999999997
10:21:44.389,-0.27,3.6700999999999997
10:21:44.434,-1.32,3.6441
10:21:44.481,-1.36,3.641
10:21:44.527,-0.7,3.6532999999999998
10:21:44.573,-0.7,3.641
10:21:44.619,-1.36,3.6303
10:21:44.666,0.27,3.6318
10:21:44.712,-0.47,3.6272
10:21:44.757,-0.69,3.6257
10:21:44.803,-0.44,3.6578999999999997
10:21:44.850,-1.36,3.6149000000000004
10:21:44.911,-1.1,3.6333
10:21:44.957,0.27,3.6333
10:21:45.004,-0.69,3.6609
10:21:45.037,0.19,3.6578999999999997
10:21:45.084,1.37,3.6639999999999997
10:21:45.130,-0.47,3.6900999999999993
10:21:45.192,1.36,3.6716999999999995
10:21:45.239,0.69,3.6609
10:21:45.285,-0.46,3.6349
10:21:45.317,-0.46,3.6456
10:21:45.379,-0.63,3.6333
10:21:45.426,-0.63,3.6395
10:21:45.472,-0.63,3.6011000000000006
10:21:45.519,-0.69,3.6118000000000006
10:21:45.564,-1.34,3.5858000000000008
10:21:45.612,-0.69,3.6103000000000005
10:21:45.657,0.35,3.6195000000000004
10:21:45.703,-1.32,3.6303
10:21:45.749,1.14,3.6303
10:21:45.796,-0.17,3.6425
10:21:45.843,-1.02,3.6441
10:21:45.889,-0.44,3.6425
10:21:45.934,-1.36,3.6532999999999998
10:21:45.981,-1.36,3.6685999999999996
10:21:46.027,-0.46,3.6700999999999997
10:21:46.073,-1.35,3.6532999999999998
10:21:46.120,-1.35,3.6624999999999996
10:21:46.167,-0.33,3.6654999999999998
10:21:46.214,-1.36,3.6808999999999994
10:21:46.260,0.7,3.6639999999999997
10:21:46.308,-0.19,3.6593999999999998
10:21:46.354,-0.47,3.6762999999999995
10:21:46.401,-0.69,3.6349
10:21:46.447,-1.36,3.6502
10:21:46.493,0.15,3.6364
10:21:46.540,0.13,3.6517
10:21:46.588,-1.15,3.641
10:21:46.634,-0.35,3.6578999999999997
10:21:46.680,-0.35,3.6425
10:21:46.726,-1.35,3.6762999999999995
10:21:46.774,-1.36,3.6609
10:21:46.821,1.36,3.6639999999999997
10:21:46.869,-0.42,3.6563
10:21:46.916,0.44,3.6593999999999998
10:21:46.962,1.36,3.6349
10:21:47.007,-1.36,3.6364
10:21:47.055,-0.46,3.6502
10:21:47.100,-1.35,3.6670999999999996
10:21:47.146,-1.36,3.6257
10:21:47.208,-1.35,3.6333
10:21:47.253,-0.69,3.6609
10:21:47.302,-0.2,3.6563
10:21:47.348,-0.33,3.6180000000000003
10:21:47.394,0.44,3.6609
10:21:47.440,0.69,3.6471
10:21:47.486,-0.43,3.6762999999999995
10:21:47.532,-0.43,3.6563
10:21:47.576,-0.27,3.6854999999999993
10:21:47.624,-1.31,3.6624999999999996
10:21:47.669,0.47,3.6854999999999993
10:21:47.715,0.19,3.6471
10:21:47.761,-1.36,3.6792999999999996
10:21:47.807,-1.37,3.6808999999999994
10:21:47.855,-0.33,3.6792999999999996
10:21:47.902,-0.46,3.6716999999999995
10:21:47.951,0.23,3.6517
10:21:47.996,-0.7,3.6578999999999997
10:21:48.044,-0.23,3.6777999999999995
10:21:48.091,0.22,3.6792999999999996
10:21:48.138,0.22,3.6471
10:21:48.185,-0.7,3.6854999999999993
10:21:48.231,1.36,3.6777999999999995
10:21:48.277,0.44,3.6685999999999996
10:21:48.322,-0.69,3.6670999999999996
10:21:48.369,0.22,3.6762999999999995
10:21:48.415,-0.46,3.6854999999999993
10:21:48.461,-0.44,3.6716999999999995
10:21:48.508,-1.36,3.6900999999999993
10:21:48.555,-0.63,3.6578999999999997
10:21:48.601,-0.43,3.6792999999999996
10:21:48.647,-0.13,3.6532999999999998
10:21:48.694,-0.69,3.700799999999999
10:21:48.741,-0.69,3.6961999999999993
10:21:48.787,-0.69,3.6777999999999995
10:21:48.834,-0.69,3.6685999999999996
10:21:48.881,0.15,3.6716999999999995
10:21:48.927,1.35,3.6700999999999997
10:21:48.989,-1.36,3.6700999999999997
10:21:49.034,0.69,3.699299999999999
10:21:49.081,-1.35,3.6487
10:21:49.127,-0.44,3.6838999999999995
10:21:49.173,-0.7,3.714600000000001
10:21:49.221,-0.33,3.6976999999999993
10:21:49.268,-0.09,3.710000000000001
10:21:49.313,0.64,3.6823999999999995
10:21:49.359,1.37,3.703900000000001
10:21:49.407,-0.69,3.6900999999999993
10:21:49.454,-0.69,3.6930999999999994
10:21:49.500,-1.33,3.6777999999999995
10:21:49.546,0.63,3.6532999999999998
10:21:49.594,0.33,3.6792999999999996
10:21:49.641,0.33,3.6502
10:21:49.686,-0.41,3.702400000000001
10:21:49.733,-1.37,3.6517
10:21:49.779,-1.37,3.6762999999999995
10:21:49.827,0.61,3.6654999999999998
10:21:49.874,1.14,3.6700999999999997
10:21:49.922,-0.64,3.6900999999999993
10:21:49.968,-0.27,3.6823999999999995
10:21:50.014,0.44,3.6532999999999998
10:21:50.061,-1.34,3.6700999999999997
10:21:50.106,-1.15,3.6395
10:21:50.153,-0.44,3.6379
10:21:50.200,1.14,3.6456
10:21:50.246,-0.69,3.6593999999999998
10:21:50.294,-0.69,3.6548
10:21:50.339,1.14,3.6532999999999998
10:21:50.386,-1.16,3.6303
10:21:50.432,1.32,3.6379
10:21:50.478,0.27,3.6593999999999998
10:21:50.525,-1.37,3.6364
10:21:50.572,-0.17,3.6441
10:21:50.618,-1.36,3.6731999999999996
10:21:50.664,1.32,3.6118000000000006
10:21:50.710,1.36,3.6502
10:21:50.756,1.36,3.6762999999999995
10:21:50.802,1.36,3.6654999999999998
10:21:50.849,-0.69,3.6731999999999996
10:21:50.911,-0.46,3.6578999999999997
10:21:50.957,0.03,3.6654999999999998
10:21:51.003,-0.27,3.6808999999999994
10:21:51.048,-0.27,3.702400000000001
10:21:51.093,-0.27,3.694699999999999
10:21:51.139,0.7,3.6808999999999994
10:21:51.185,-0.27,3.702400000000001
10:21:51.232,-0.59,3.6700999999999997
10:21:51.278,0.69,3.700799999999999
10:21:51.324,0.63,3.703900000000001
10:21:51.371,0.47,3.705399999999999
10:21:51.418,0.69,3.6869999999999994
10:21:51.464,-0.69,3.702400000000001
10:21:51.511,-0.68,3.6869999999999994
10:21:51.557,-1.36,3.6700999999999997
10:21:51.605,-1.01,3.6792999999999996
10:21:51.653,0.17,3.702400000000001
10:21:51.697,0.17,3.6777999999999995
10:21:51.743,-1.11,3.6976999999999993
10:21:51.789,0.47,3.6838999999999995
10:21:51.835,0.47,3.708500000000001
10:21:51.881,-1.35,3.6746999999999996
10:21:51.942,0.33,3.6838999999999995
10:21:51.974,-1.36,3.6854999999999993
10:21:52.021,-0.69,3.6854999999999993
10:21:52.069,-0.63,3.694699999999999
10:21:52.116,0.12,3.6838999999999995
10:21:52.163,-1.11,3.6854999999999993
10:21:52.211,-1.32,3.6823999999999995
10:21:52.256,-1.36,3.6869999999999994
10:21:52.317,-1.37,3.6838999999999995
10:21:52.362,-0.7,3.6471
10:21:52.409,-1.11,3.6654999999999998
10:21:52.455,-0.7,3.6532999999999998
10:21:52.501,-0.7,3.6609
10:21:52.547,-0.69,3.6670999999999996
10:21:52.594,-0.69,3.6777999999999995
10:21:52.641,-0.69,3.694699999999999
10:21:52.687,-0.69,3.6731999999999996
10:21:52.732,1.36,3.6762999999999995
10:21:52.779,-0.27,3.6900999999999993
10:21:52.826,-0.15,3.6731999999999996
10:21:52.872,-0.42,3.641
10:21:52.918,-0.23,3.6548
10:21:52.963,-1.32,3.6854999999999993
10:21:53.010,-1.32,3.6823999999999995
10:21:53.058,-1.32,3.6456
10:21:53.104,-1.32,3.6731999999999996
10:21:53.152,-1.32,3.6746999999999996
10:21:53.198,-1.32,3.6854999999999993
10:21:53.246,-1.32,3.6792999999999996
10:21:53.293,-1.32,3.6609
10:21:53.339,-1.32,3.6762999999999995
10:21:53.384,-1.32,3.6685999999999996
10:21:53.430,-1.32,3.6746999999999996
10:21:53.478,-1.32,3.6731999999999996
10:21:53.526,-1.32,3.6869999999999994
10:21:53.572,-1.32,3.700799999999999
10:21:53.619,-1.32,3.6593999999999998
10:21:53.667,-1.32,3.703900000000001
10:21:53.712,-1.32,3.6654999999999998
10:21:53.760,-1.32,3.6838999999999995
10:21:53.807,-1.32,3.6670999999999996
10:21:53.854,-1.32,3.6777999999999995
10:21:53.899,-1.32,3.6854999999999993
10:21:53.945,-1.32,3.6792999999999996
10:21:53.991,-1.32,3.705399999999999
10:21:54.039,-1.32,3.6762999999999995
10:21:54.086,-1.32,3.6777999999999995
10:21:54.133,-1.32,3.6716999999999995
10:21:54.179,-1.32,3.6823999999999995
10:21:54.224,-1.32,3.6792999999999996
10:21:54.285,-1.32,3.6502
10:21:54.332,-1.32,3.6854999999999993
10:21:54.378,-1.32,3.6976999999999993
10:21:54.424,-1.32,3.6700999999999997
10:21:54.469,-1.32,3.6654999999999998
10:21:54.516,-1.32,3.6976999999999993
10:21:54.564,-1.32,3.6654999999999998
10:21:54.611,-1.32,3.6884999999999994
10:21:54.659,-1.32,3.6900999999999993
10:21:54.707,-1.32,3.6532999999999998
10:21:54.753,-1.32,3.6731999999999996
10:21:54.800,-1.32,3.6593999999999998
10:21:54.846,-1.32,3.6777999999999995
10:21:54.893,-1.32,3.6609
10:21:54.938,-1.32,3.6624999999999996
10:21:54.983,-1.32,3.6823999999999995
10:21:55.030,-1.32,3.6624999999999996
10:21:55.075,-1.32,3.6563
10:21:55.121,-1.32,3.6792999999999996
10:21:55.167,-1.32,3.6456
10:21:55.213,-1.32,3.6792999999999996
10:21:55.260,-1.32,3.6670999999999996
10:21:55.305,-1.32,3.6639999999999997
10:21:55.351,-1.32,3.6838999999999995
10:21:55.397,-1.32,3.6502
10:21:55.444,-1.32,3.6838999999999995
10:21:55.491,-1.32,3.6884999999999994
10:21:55.537,-1.32,3.6593999999999998
10:21:55.598,-1.32,3.6700999999999997
10:21:55.645,-1.32,3.6930999999999994
10:21:55.692,-1.32,3.6884999999999994
10:21:55.738,-1.32,3.6823999999999995
10:21:55.784,-1.32,3.6884999999999994
10:21:55.829,-1.32,3.6716999999999995
10:21:55.875,-1.32,3.6838999999999995
10:21:55.922,-1.32,3.6777999999999995
10:21:55.968,-1.32,3.6961999999999993
10:21:56.014,-1.32,3.6915999999999993
10:21:56.059,-1.32,3.6961999999999993
10:21:56.105,-1.32,3.6685999999999996
10:21:56.151,-1.32,3.6854999999999993
10:21:56.198,-1.32,3.6930999999999994
10:21:56.243,-1.32,3.702400000000001
10:21:56.291,-1.32,3.6915999999999993
10:21:56.338,-1.32,3.6609
10:21:56.386,-1.32,3.6563
10:21:56.433,-1.32,3.6961999999999993
10:21:56.480,-1.32,3.710000000000001
10:21:56.527,-1.32,3.6808999999999994
10:21:56.573,-1.32,3.6731999999999996
10:21:56.618,-1.32,3.6639999999999997
10:21:56.664,-1.32,3.6700999999999997
10:21:56.712,-1.32,3.6487
10:21:56.758,-1.32,3.6900999999999993
10:21:56.805,-1.32,3.6869999999999994
10:21:56.851,-1.32,3.694699999999999
10:21:56.897,-1.32,3.694699999999999
10:21:56.943,-1.32,3.6609
10:21:57.005,-1.32,3.6900999999999993
10:21:57.036,-1.32,3.6471
10:21:57.085,-1.32,3.6700999999999997
10:21:57.132,-1.32,3.6823999999999995
10:21:57.192,-1.32,3.6731999999999996
10:21:57.238,-1.32,3.703900000000001
10:21:57.284,-1.32,3.6976999999999993
10:21:57.329,-1.32,3.6976999999999993
10:21:57.375,-1.32,3.6624999999999996
10:21:57.423,-1.32,3.6915999999999993
10:21:57.471,-1.32,3.6654999999999998
10:21:57.518,-1.32,3.6930999999999994
10:21:57.563,-1.32,3.6777999999999995
10:21:57.608,-1.32,3.6517
10:21:57.656,-1.32,3.6915999999999993
10:21:57.702,-1.32,3.6884999999999994
10:21:57.749,-1.32,3.6746999999999996
10:21:57.795,-1.32,3.705399999999999
10:21:57.840,-1.32,3.6624999999999996
10:21:57.887,-1.32,3.6808999999999994
10:21:57.933,-1.32,3.6808999999999994
10:21:57.980,-1.32,3.6869999999999994
10:21:58.027,-1.32,3.6900999999999993
10:21:58.072,-1.32,3.6777999999999995
10:21:58.118,-1.32,3.6716999999999995
10:21:58.166,-1.32,3.6578999999999997
10:21:58.211,-1.32,3.6792999999999996
10:21:58.259,-1.32,3.6746999999999996
10:21:58.307,-1.32,3.6808999999999994
10:21:58.352,-1.32,3.6762999999999995
10:21:58.400,-1.32,3.6517
10:21:58.444,-1.32,3.6731999999999996
10:21:58.492,-1.32,3.6731999999999996
10:21:58.540,-1.32,3.694699999999999
10:21:58.586,-1.32,3.6777999999999995
10:21:58.634,-1.32,3.6762999999999995
10:21:58.680,-1.32,3.6792999999999996
10:21:58.727,-1.32,3.6915999999999993
10:21:58.773,-1.32,3.703900000000001
10:21:58.819,-1.32,3.6792999999999996
10:21:58.865,-1.32,3.6777999999999995
10:21:58.927,-1.32,3.6746999999999996
10:21:58.974,-1.32,3.6884999999999994
10:21:59.020,-1.32,3.6502
10:21:59.052,-1.32,3.702400000000001
10:21:59.099,-1.32,3.6930999999999994
10:21:59.147,-1.32,3.6731999999999996
10:21:59.194,-1.32,3.6869999999999994
10:21:59.240,-1.32,3.6900999999999993
10:21:59.301,-1.32,3.694699999999999
10:21:59.347,-1.32,3.6670999999999996
10:21:59.393,-1.32,3.6746999999999996
10:21:59.441,-1.32,3.6915999999999993
10:21:59.489,-1.32,3.6976999999999993
10:21:59.534,-1.32,3.6808999999999994
10:21:59.581,-1.32,3.6915999999999993
10:21:59.629,-1.32,3.7177000000000007
10:21:59.674,-1.32,3.700799999999999
10:21:59.721,-1.32,3.6961999999999993
10:21:59.768,-1.32,3.6700999999999997
10:21:59.813,-1.32,3.6792999999999996
10:21:59.860,-1.32,3.6900999999999993
10:21:59.906,-1.32,3.702400000000001
10:21:59.952,-1.32,3.7131000000000007
10:21:59.998,-1.32,3.6792999999999996
10:22:00.045,-1.32,3.6777999999999995
10:22:00.091,-1.32,3.6961999999999993
10:22:00.139,-1.32,3.703900000000001
10:22:00.184,-1.32,3.6930999999999994
10:22:00.230,-1.32,3.7116000000000007
10:22:00.277,-1.32,3.6854999999999993
10:22:00.324,-1.32,3.6746999999999996
10:22:00.370,0.0,3.6900999999999993
10:22:00.418,-1.7,3.6854999999999993
10:22:00.465,0.85,3.703900000000001
10:22:00.511,-0.42,3.6654999999999998
10:22:00.556,-0.88,3.6869999999999994
10:22:00.603,-0.76,3.6731999999999996
10:22:00.650,-0.76,3.6915999999999993
10:22:00.697,-0.87,3.6700999999999997
10:22:00.743,-4.25,3.708500000000001
10:22:00.790,-1.73,3.6762999999999995
10:22:00.835,1.72,3.6716999999999995
10:22:00.881,-0.85,3.6777999999999995
10:22:00.928,-0.86,3.6777999999999995
10:22:00.990,-0.87,3.6548
10:22:01.038,0.73,3.6838999999999995
10:22:01.085,1.53,3.694699999999999
10:22:01.132,-0.77,3.6808999999999994
10:22:01.178,0.28,3.6900999999999993
10:22:01.224,0.28,3.708500000000001
10:22:01.286,3.9,3.6930999999999994
10:22:01.331,2.32,3.6762999999999995
10:22:01.378,1.47,3.6915999999999993
10:22:01.425,3.06,3.7162000000000006
10:22:01.471,3.9,3.6884999999999994
10:22:01.516,1.56,3.699299999999999
10:22:01.562,5.73,3.6746999999999996
10:22:01.608,5.73,3.6746999999999996
10:22:01.656,2.34,3.700799999999999
10:22:01.703,3.11,3.7070000000000007
10:22:01.749,2.34,3.6915999999999993
10:22:01.796,2.33,3.7116000000000007
10:22:01.842,0.77,3.7070000000000007
10:22:01.890,0.77,3.6915999999999993
10:22:01.936,1.56,3.6777999999999995
10:22:01.982,-0.82,3.6838999999999995
10:22:02.029,-2.33,3.694699999999999
10:22:02.074,0.41,3.6900999999999993
10:22:02.120,0.78,3.699299999999999
10:22:02.166,-0.84,3.6930999999999994
10:22:02.212,0.21,3.6869999999999994
10:22:02.258,0.21,3.6777999999999995
10:22:02.306,-1.56,3.7070000000000007
10:22:02.352,-1.47,3.6884999999999994
10:22:02.398,-1.44,3.6854999999999993
10:22:02.444,0.73,3.703900000000001
10:22:02.491,2.62,3.702400000000001
10:22:02.538,4.4,3.6961999999999993
10:22:02.599,3.49,3.6762999999999995
10:22:02.646,0.88,3.6900999999999993
10:22:02.692,-0.21,3.6900999999999993
10:22:02.738,4.3,3.7346000000000004
10:22:02.784,9.48,3.6823999999999995
10:22:02.831,8.72,3.6731999999999996
10:22:02.877,2.62,3.6869999999999994
10:22:02.924,6.11,3.7116000000000007
10:22:02.969,8.58,3.6685999999999996
10:22:03.014,8.58,3.7131000000000007
10:22:03.061,5.05,3.714600000000001
10:22:03.108,6.99,3.700799999999999
10:22:03.155,8.52,3.6976999999999993
10:22:03.202,11.9,3.6930999999999994
10:22:03.249,11.3,3.700799999999999
10:22:03.295,10.44,3.708500000000001
10:22:03.342,9.37,3.6976999999999993
10:22:03.388,11.15,3.7131000000000007
10:22:03.435,16.26,3.7238000000000007
10:22:03.483,17.2,3.7070000000000007
10:22:03.529,11.38,3.7192000000000007
10:22:03.576,14.78,3.703900000000001
10:22:03.622,14.65,3.7116000000000007
10:22:03.668,15.31,3.7468000000000004
10:22:03.715,15.31,3.7116000000000007
10:22:03.762,20.59,3.7162000000000006
10:22:03.810,19.73,3.7192000000000007
10:22:03.856,17.47,3.7284000000000006
10:22:03.902,20.45,3.7438000000000002
10:22:03.947,21.26,3.6976999999999993
10:22:03.994,18.67,3.7775
10:22:04.041,22.26,3.7484
10:22:04.087,22.21,3.7361000000000004
10:22:04.134,21.59,3.7851999999999997
10:22:04.180,26.45,3.7361000000000004
10:22:04.228,27.28,3.7775
10:22:04.275,24.16,3.779
10:22:04.323,26.56,3.753
10:22:04.372,26.56,3.779
10:22:04.417,27.89,3.7683
10:22:04.462,29.56,3.7805999999999997
10:22:04.508,32.47,3.7882999999999996
10:22:04.555,29.5,3.779
10:22:04.602,28.55,3.8004999999999995
10:22:04.648,33.79,3.8343000000000007
10:22:04.695,32.67,3.8588000000000005
10:22:04.742,32.91,3.8634000000000004
10:22:04.788,31.45,3.8834
10:22:04.834,31.83,3.9185999999999996
10:22:04.896,29.43,3.9647000000000006
10:22:04.927,30.18,3.9769000000000005
10:22:04.980,29.5,4.026
10:22:05.035,30.18,4.1012
10:22:05.081,31.29,4.179399999999999
10:22:05.128,29.64,4.23
10:22:05.164,29.64,4.2837
10:22:05.214,30.51,4.3773
10:22:05.265,29.74,4.434100000000001
10:22:05.306,31.43,4.4663
10:22:05.363,31.64,4.437099999999999
10:22:05.401,28.94,4.3742
10:22:05.449,28.78,4.2423
10:22:05.506,29.63,4.1365
10:22:05.546,30.39,3.9785000000000004
10:22:05.585,27.52,3.9155999999999995
10:22:05.637,30.16,3.8112999999999992
10:22:05.684,26.36,3.710000000000001
10:22:05.731,0.87,3.584199999999999
10:22:05.781,-24.63,3.6042000000000005
10:22:05.827,-24.63,3.6654999999999998
10:22:05.884,-15.56,3.6624999999999996
10:22:05.916,-15.56,3.6654999999999998
10:22:05.962,-11.44,3.6731999999999996
10:22:06.019,-11.28,3.6731999999999996
10:22:06.062,-10.81,3.6563
10:22:06.108,-9.37,3.6654999999999998
10:22:06.161,-10.94,3.6395
10:22:06.194,-13.14,3.6731999999999996
10:22:06.250,-12.4,3.6563
10:22:06.296,-9.41,3.6762999999999995
10:22:06.338,-8.59,3.6609
10:22:06.392,-12.52,3.6930999999999994
10:22:06.433,-6.96,3.6548
10:22:06.483,-6.96,3.6823999999999995
10:22:06.529,-9.28,3.6685999999999996
10:22:06.575,-6.22,3.6593999999999998
10:22:06.622,-9.28,3.6930999999999994
10:22:06.668,-6.99,3.6134000000000004
10:22:06.714,-7.02,3.6762999999999995
10:22:06.759,-4.64,3.6241000000000003
10:22:06.807,-5.39,3.6548
10:22:06.857,-9.17,3.6976999999999993
10:22:06.902,-1.52,3.6976999999999993
10:22:06.950,-3.75,3.7070000000000007
10:22:06.999,-7.86,3.6670999999999996
10:22:07.047,-4.34,3.6716999999999995
10:22:07.087,-1.74,3.7560000000000002
10:22:07.135,-1.74,3.6425
10:22:07.184,1.75,3.694699999999999
10:22:07.232,5.17,3.6976999999999993
10:22:07.288,-2.6,3.6241000000000003
10:22:07.322,-2.6,3.753
10:22:07.369,5.17,3.6609
10:22:07.412,-4.27,3.7254000000000005
10:22:07.460,3.42,3.7284000000000006
10:22:07.512,7.74,3.6379
10:22:07.553,0.85,3.7499000000000002
10:22:07.615,4.25,3.7576
10:22:07.661,8.47,3.6639999999999997
10:22:07.708,-1.74,3.7668
10:22:07.740,-1.74,3.6303
10:22:07.802,10.23,3.6532999999999998
10:22:07.849,1.55,3.7714
10:22:07.897,12.15,3.6241000000000003
10:22:07.945,7.84,3.7514000000000003
10:22:07.992,4.3,3.7192000000000007
10:22:08.038,4.3,3.6593999999999998
10:22:08.084,16.3,3.7729
10:22:08.144,9.44,3.7821
10:22:08.192,9.44,3.6609
10:22:08.237,22.66,3.776
10:22:08.283,12.93,3.6456
10:22:08.329,10.25,3.7622
10:22:08.375,24.6,3.7499000000000002
10:22:08.422,16.16,3.6915999999999993
10:22:08.468,16.05,3.7943999999999996
10:22:08.514,22.26,3.6700999999999997
10:22:08.561,16.19,3.776
10:22:08.604,17.51,3.6746999999999996
10:22:08.652,21.84,3.6609
10:22:08.702,8.62,3.7453000000000003
10:22:08.749,14.04,3.6746999999999996
10:22:08.788,14.04,3.6915999999999993
10:22:08.836,12.23,3.708500000000001
10:22:08.888,1.75,3.6930999999999994
10:22:08.933,14.75,3.7254000000000005
10:22:08.979,10.41,3.6180000000000003
10:22:09.025,-1.76,3.7300000000000004
10:22:09.071,7.84,3.6823999999999995
10:22:09.119,5.16,3.6731999999999996
10:22:09.167,0.88,3.7131000000000007
10:22:09.214,6.3,3.6639999999999997
10:22:09.260,3.77,3.7300000000000004
10:22:09.308,0.76,3.6961999999999993
10:22:09.355,6.32,3.694699999999999
10:22:09.402,-0.73,3.7177000000000007
10:22:09.449,-0.73,3.6808999999999994
10:22:09.495,8.37,3.7192000000000007
10:22:09.539,14.82,3.7269000000000005
10:22:09.586,9.48,3.6915999999999993
10:22:09.631,17.24,3.7361000000000004
10:22:09.693,20.59,3.7514000000000003
10:22:09.738,19.6,3.6884999999999994
10:22:09.786,19.73,3.7576
10:22:09.831,24.66,3.6930999999999994
10:22:09.877,21.21,3.7560000000000002
10:22:09.924,22.76,3.753
10:22:09.971,26.19,3.7376000000000005
10:22:10.019,22.86,3.7622
10:22:10.067,27.83,3.7392000000000003
10:22:10.114,27.27,3.7668
10:22:10.160,29.17,3.7958999999999996
10:22:10.207,30.3,3.7438000000000002
10:22:10.253,29.97,3.779
10:22:10.299,29.97,3.7974999999999994
10:22:10.345,30.37,3.8188999999999993
10:22:10.391,31.81,3.8404000000000007
10:22:10.438,31.45,3.8112999999999992
10:22:10.484,33.5,3.8726000000000003
10:22:10.531,33.16,3.8742
10:22:10.577,28.61,3.9323999999999995
10:22:10.623,28.76,3.9616000000000007
10:22:10.669,28.08,4.0061
10:22:10.715,30.18,4.059799999999999
10:22:10.761,30.54,4.095000000000001
10:22:10.807,29.43,4.174799999999999
10:22:10.853,29.43,4.2484
10:22:10.901,27.95,4.322100000000001
10:22:10.947,28.76,4.3804
10:22:10.994,30.9,4.440200000000001
10:22:11.042,29.71,4.4739
10:22:11.088,27.2,4.5046
10:22:11.135,32.02,4.4954
10:22:11.183,30.72,4.458600000000001
10:22:11.229,30.45,4.4079999999999995
10:22:11.276,29.43,4.328200000000001
10:22:11.322,29.57,4.2761
10:22:11.368,29.5,4.187099999999999
10:22:11.416,29.5,4.1012
10:22:11.462,29.57,4.0091
10:22:11.507,28.83,3.941700000000001
10:22:11.553,29.43,3.8680000000000003
10:22:11.600,29.63,3.7698
10:22:11.663,28.91,3.6609
10:22:11.693,12.73,3.6287000000000003
10:22:11.755,-10.2,3.6578999999999997
10:22:11.801,-17.9,3.6823999999999995
10:22:11.846,-9.31,3.6746999999999996
10:22:11.892,0.78,3.703900000000001
10:22:11.938,-0.87,3.6548
10:22:11.983,-0.87,3.6685999999999996
10:22:12.030,-5.97,3.699299999999999
10:22:12.078,-3.45,3.714600000000001
10:22:12.125,-0.86,3.6808999999999994
10:22:12.173,-0.87,3.699299999999999
10:22:12.219,0.87,3.6884999999999994
10:22:12.266,0.87,3.6915999999999993
10:22:12.312,1.74,3.6624999999999996
10:22:12.360,-4.38,3.6961999999999993
10:22:12.408,-1.68,3.6808999999999994
10:22:12.455,1.75,3.699299999999999
10:22:12.500,3.5,3.6777999999999995
10:22:12.546,2.6,3.6884999999999994
10:22:12.592,5.24,3.699299999999999
10:22:12.638,6.1,3.6869999999999994
10:22:12.684,3.47,3.6915999999999993
10:22:12.730,1.69,3.6854999999999993
10:22:12.778,6.09,3.6823999999999995
10:22:12.823,6.09,3.714600000000001
10:22:12.870,5.98,3.714600000000001
10:22:12.918,11.01,3.714600000000001
10:22:12.965,10.18,3.699299999999999
10:22:13.012,6.8,3.699299999999999
10:22:13.058,5.19,3.714600000000001
10:22:13.105,11.36,3.7330000000000005
10:22:13.153,10.6,3.7131000000000007
10:22:13.198,14.04,3.708500000000001
10:22:13.243,13.95,3.7254000000000005
10:22:13.290,11.28,3.714600000000001
10:22:13.336,14.85,3.702400000000001
10:22:13.383,13.04,3.7177000000000007
10:22:13.429,13.04,3.7162000000000006
10:22:13.474,14.01,3.7407000000000004
10:22:13.536,17.47,3.7376000000000005
10:22:13.568,17.47,3.7453000000000003
10:22:13.630,19.4,3.7315000000000005
10:22:13.677,21.01,3.714600000000001
10:22:13.722,20.09,3.7392000000000003
10:22:13.769,22.56,3.7468000000000004
10:22:13.816,19.17,3.6930999999999994
10:22:13.861,19.22,3.7576
10:22:13.908,22.82,3.7453000000000003
10:22:13.955,24.08,3.7300000000000004
10:22:14.002,24.46,3.7606
10:22:14.048,25.33,3.7637
10:22:14.094,27.89,3.7300000000000004
10:22:14.141,26.45,3.7591
10:22:14.188,28.08,3.7928999999999995
10:22:14.235,27.89,3.7821
10:22:14.282,27.89,3.8188999999999993
10:22:14.327,27.33,3.8050999999999995
10:22:14.374,30.57,3.8066999999999993
10:22:14.421,32.54,3.7897999999999996
10:22:14.469,33.2,3.826599999999999
10:22:14.516,32.32,3.825100000000001
10:22:14.562,32.32,3.8680000000000003
10:22:14.610,33.59,3.8803
10:22:14.657,32.6,3.9124999999999996
10:22:14.702,28.96,3.9308999999999994
10:22:14.749,27.89,3.9647000000000006
10:22:14.794,29.57,4.023
10:22:14.841,29.91,4.088900000000001
10:22:14.888,30.21,4.1334
10:22:14.934,30.21,4.205500000000001
10:22:14.979,27.76,4.2791
10:22:15.024,28.74,4.365
10:22:15.071,29.68,4.441700000000001
10:22:15.118,31.72,4.5092
10:22:15.163,30.64,4.564399999999999
10:22:15.211,28.44,4.6212
10:22:15.256,30.36,4.662599999999999
10:22:15.302,31.43,4.654999999999999
10:22:15.349,29.84,4.6289
10:22:15.412,31.27,4.555199999999999
10:22:15.458,31.19,4.4985
10:22:15.503,29.79,4.421799999999999
10:22:15.549,30.59,4.319000000000001
10:22:15.596,30.46,4.2224
10:22:15.642,30.46,4.138
10:22:15.686,29.97,4.0153
10:22:15.732,29.84,3.9048
10:22:15.779,28.89,3.828099999999999
10:22:15.825,29.77,3.6838999999999995
10:22:15.872,16.49,3.6241000000000003
10:22:15.920,-15.69,3.588800000000001
10:22:15.967,-26.33,3.6241000000000003
10:22:16.014,-24.52,3.6746999999999996
10:22:16.061,-19.26,3.6379
10:22:16.107,-13.88,3.6654999999999998
10:22:16.153,-13.07,3.6624999999999996
10:22:16.201,-11.28,3.641
10:22:16.247,-11.28,3.6441
10:22:16.292,-13.88,3.6685999999999996
10:22:16.338,-14.88,3.6654999999999998
10:22:16.383,-15.65,3.6685999999999996
10:22:16.430,-12.99,3.6670999999999996
10:22:16.476,-10.34,3.6548
10:22:16.522,-12.2,3.6670999999999996
10:22:16.568,-15.69,3.6792999999999996
10:22:16.630,-9.48,3.6884999999999994
10:22:16.692,-10.44,3.6884999999999994
10:22:16.738,-12.12,3.6700999999999997
10:22:16.784,-11.98,3.6731999999999996
10:22:16.832,-10.25,3.6517
10:22:16.878,-6.88,3.6700999999999997
10:22:16.924,-11.15,3.6624999999999996
10:22:16.971,-7.59,3.6624999999999996
10:22:17.019,-6.82,3.6593999999999998
10:22:17.066,-7.7,3.7192000000000007
10:22:17.112,-3.48,3.6563
10:22:17.159,-8.54,3.6762999999999995
10:22:17.205,-7.79,3.6746999999999996
10:22:17.251,-7.79,3.6624999999999996
10:22:17.298,-3.49,3.6654999999999998
10:22:17.343,-5.23,3.6700999999999997
10:22:17.389,-5.24,3.6746999999999996
10:22:17.437,-4.36,3.6930999999999994
10:22:17.483,-5.18,3.6563
10:22:17.530,-4.33,3.6854999999999993
10:22:17.575,-3.46,3.6961999999999993
10:22:17.622,-5.45,3.705399999999999
10:22:17.669,-0.77,3.6961999999999993
10:22:17.716,0.78,3.7070000000000007
10:22:17.763,0.85,3.6777999999999995
10:22:17.810,-4.69,3.7192000000000007
10:22:17.858,-4.69,3.6502
10:22:17.905,0.87,3.7545
10:22:17.951,0.78,3.6716999999999995
10:22:17.999,1.55,3.6609
10:22:18.045,4.65,3.699299999999999
10:22:18.090,0.77,3.641
10:22:18.135,0.78,3.7070000000000007
10:22:18.182,7.76,3.7223000000000006
10:22:18.228,3.13,3.6823999999999995
10:22:18.274,6.19,3.7514000000000003
10:22:18.321,13.83,3.6303
10:22:18.367,2.78,3.7392000000000003
10:22:18.413,4.59,3.6961999999999993
10:22:18.460,4.59,3.6915999999999993
10:22:18.508,18.95,3.7545
10:22:18.555,8.26,3.6700999999999997
10:22:18.601,9.41,3.7422000000000004
10:22:18.647,16.98,3.7284000000000006
10:22:18.694,7.39,3.6884999999999994
10:22:18.740,16.99,3.7821
10:22:18.802,21.06,3.7116000000000007
10:22:18.844,7.77,3.6961999999999993
10:22:18.894,16.93,3.7897999999999996
10:22:18.940,20.09,3.702400000000001
10:22:18.986,11.93,3.7729
10:22:19.032,23.11,3.703900000000001
10:22:19.078,24.18,3.702400000000001
10:22:19.125,16.12,3.7882999999999996
10:22:19.170,26.36,3.6869999999999994
10:22:19.217,22.21,3.8050999999999995
10:22:19.263,22.46,3.703900000000001
10:22:19.310,22.46,3.7836999999999996
10:22:19.356,29.1,3.7851999999999997
10:22:19.402,24.88,3.7192000000000007
10:22:19.448,25.22,3.8450000000000006
10:22:19.495,28.7,3.7622
10:22:19.542,28.15,3.8081999999999994
10:22:19.589,29.5,3.820499999999999
10:22:19.637,32.32,3.7912999999999997
10:22:19.685,31.52,3.8696
10:22:19.731,31.0,3.8404000000000007
10:22:19.778,31.59,3.9247999999999994
10:22:19.825,30.57,3.9231999999999996
10:22:19.870,29.77,3.9293999999999993
10:22:19.916,29.77,3.9984
10:22:19.964,28.02,4.0352
10:22:20.010,27.65,4.1227
10:22:20.057,28.54,4.176399999999999
10:22:20.104,29.44,4.2331
10:22:20.151,29.57,4.317500000000001
10:22:20.197,30.11,4.3834
10:22:20.245,30.38,4.443300000000001
10:22:20.292,29.79,4.5062
10:22:20.337,31.27,4.4908
10:22:20.384,30.57,4.4862
10:22:20.429,31.81,4.447900000000001
10:22:20.477,31.21,4.3819
10:22:20.523,31.21,4.3497
10:22:20.568,28.34,4.303699999999999
10:22:20.630,27.91,4.214700000000001
10:22:20.676,28.82,4.1503
10:22:20.723,29.44,4.064399999999999
10:22:20.770,30.52,3.9861000000000004
10:22:20.818,30.46,3.9262999999999995
10:22:20.865,29.91,3.8419000000000008
10:22:20.912,31.38,3.7499000000000002
10:22:20.973,26.09,3.6487
10:22:21.020,11.28,3.6502
10:22:21.066,-7.72,3.6333
10:22:21.114,-11.6,3.6884999999999994
10:22:21.160,-6.16,3.6731999999999996
10:22:21.207,-0.78,3.6915999999999993
10:22:21.252,2.34,3.6777999999999995
10:22:21.299,3.09,3.6548
10:22:21.346,-2.32,3.6517
10:22:21.394,-6.93,3.6838999999999995
10:22:21.441,-0.76,3.6548
10:22:21.488,0.43,3.6900999999999993
10:22:21.535,3.08,3.7468000000000004
10:22:21.582,3.08,3.6700999999999997
10:22:21.627,5.32,3.6838999999999995
10:22:21.672,1.55,3.6915999999999993
10:22:21.719,0.77,3.6700999999999997
10:22:21.766,4.2,3.7070000000000007
10:22:21.813,8.4,3.6762999999999995
10:22:21.861,3.82,3.700799999999999
10:22:21.906,2.31,3.6930999999999994
10:22:21.955,7.86,3.6700999999999997
10:22:22.003,4.69,3.6838999999999995
10:22:22.050,5.43,3.7177000000000007
10:22:22.097,13.22,3.700799999999999
10:22:22.144,10.93,3.699299999999999
10:22:22.190,10.15,3.714600000000001
10:22:22.237,10.15,3.7162000000000006
10:22:22.282,10.89,3.710000000000001
10:22:22.330,11.81,3.7269000000000005
10:22:22.378,13.97,3.7269000000000005
10:22:22.426,11.72,3.705399999999999
10:22:22.472,14.0,3.7223000000000006
10:22:22.520,14.0,3.7116000000000007
10:22:22.566,15.56,3.7131000000000007
10:22:22.612,17.18,3.714600000000001
10:22:22.659,17.35,3.694699999999999
10:22:22.705,18.43,3.7223000000000006
10:22:22.750,19.17,3.7361000000000004
10:22:22.798,19.13,3.7192000000000007
10:22:22.843,18.39,3.7438000000000002
10:22:22.891,18.39,3.7192000000000007
10:22:22.937,21.89,3.7499000000000002
10:22:22.985,23.64,3.7392000000000003
10:22:23.033,23.64,3.7453000000000003
10:22:23.079,23.69,3.7637
10:22:23.126,23.69,3.7668
10:22:23.173,24.74,3.7882999999999996
10:22:23.218,27.89,3.7729
10:22:23.265,29.84,3.779
10:22:23.312,27.89,3.7851999999999997
10:22:23.358,29.43,3.8066999999999993
10:22:23.403,31.59,3.821999999999999
10:22:23.450,30.95,3.7989999999999995
10:22:23.497,31.45,3.8066999999999993
10:22:23.543,32.4,3.825100000000001
10:22:23.591,32.4,3.8419000000000008
10:22:23.637,31.59,3.8757
10:22:23.683,32.4,3.8864
10:22:23.728,30.37,3.944699999999999
10:22:23.776,28.83,3.9831000000000003
10:22:23.822,30.95,4.0352
10:22:23.868,29.91,4.055199999999999
10:22:23.915,28.29,4.1211
10:22:23.962,28.38,4.214700000000001
10:22:24.008,27.78,4.2623
10:22:24.056,28.61,4.3528
10:22:24.103,29.94,4.429500000000001
10:22:24.150,28.86,4.5276
10:22:24.196,28.86,4.612
10:22:24.243,31.65,4.6227
10:22:24.289,31.42,4.6243
10:22:24.336,30.64,4.5921
10:22:24.383,28.82,4.5215
10:22:24.430,27.52,4.464700000000001
10:22:24.476,29.99,4.3773
10:22:24.523,28.61,4.2515
10:22:24.568,31.42,4.0997
10:22:24.629,29.14,3.9216999999999995
10:22:24.675,29.77,3.7407000000000004
10:22:24.722,19.26,3.5106
10:22:24.770,-20.14,3.4583999999999993
10:22:24.817,-26.63,3.450799999999999
10:22:24.864,-28.02,3.4002
10:22:24.896,-28.02,3.3511000000000006
10:22:24.944,-29.02,3.2698
10:22:24.992,-28.67,3.223699999999999
10:22:25.040,-28.61,3.1256000000000004
10:22:25.086,-27.85,2.9967000000000006
10:22:25.132,-28.8,2.9031000000000002
10:22:25.178,-28.86,2.7513000000000005
10:22:25.224,-28.81,2.5748999999999995
10:22:25.272,-28.04,2.4077
10:22:25.334,-26.99,2.1529999999999996
10:22:25.380,-29.22,1.9889000000000001
10:22:25.427,-26.05,1.8369999999999997
10:22:25.488,-23.41,1.7725999999999997
10:22:25.535,-19.41,1.8171
10:22:25.581,-18.35,1.9843000000000002
10:22:25.628,-20.44,2.1898
10:22:25.675,-24.95,2.5028000000000006
10:22:25.722,-27.39,2.8386999999999993
10:22:25.770,-27.39,3.1700999999999997
10:22:25.816,-27.08,3.3249999999999993
10:22:25.862,-28.67,3.587300000000001
10:22:25.908,-28.76,3.7499000000000002
10:22:25.955,-10.44,3.8465000000000007
10:22:26.001,26.9,3.8849
10:22:26.047,31.12,3.8757
10:22:26.093,30.37,3.9048
10:22:26.141,30.37,3.947800000000001
10:22:26.189,30.25,3.9555000000000007
10:22:26.235,27.78,4.026
10:22:26.282,27.39,4.067399999999999
10:22:26.329,31.12,4.1043
10:22:26.375,31.14,4.1119
10:22:26.421,31.14,4.1196
10:22:26.467,29.29,4.1165
10:22:26.513,27.97,4.084300000000001
10:22:26.560,30.57,4.078200000000001
10:22:26.606,28.76,4.041399999999999
10:22:26.652,27.84,3.9999000000000002
10:22:26.698,30.32,3.9509000000000007
10:22:26.744,30.99,3.9323999999999995
10:22:26.792,28.99,3.9017999999999997
10:22:26.837,31.21,3.888
10:22:26.883,30.56,3.831200000000001
10:22:26.929,30.56,3.8142999999999994
10:22:26.976,32.95,3.7897999999999996
10:22:27.023,30.9,3.7989999999999995
10:22:27.069,28.89,3.7392000000000003
10:22:27.131,26.08,3.7070000000000007
10:22:27.176,22.6,3.694699999999999
10:22:27.223,19.72,3.705399999999999
10:22:27.268,18.48,3.7192000000000007
10:22:27.316,20.14,3.7560000000000002
10:22:27.361,23.01,3.7729
10:22:27.408,25.63,3.753
10:22:27.454,29.3,3.7438000000000002
10:22:27.499,31.46,3.7652
10:22:27.546,27.88,3.7836999999999996
10:22:27.591,31.46,3.7775
10:22:27.636,32.1,3.8173999999999992
10:22:27.682,32.1,3.8066999999999993
10:22:27.729,33.31,3.7958999999999996
10:22:27.776,34.01,3.825100000000001
10:22:27.824,31.81,3.8234999999999992
10:22:27.870,33.99,3.8435000000000006
10:22:27.917,31.6,3.8496000000000006
10:22:27.963,31.19,3.8803
10:22:28.009,32.69,3.8742
10:22:28.056,32.4,3.8496000000000006
10:22:28.103,31.52,3.8772
10:22:28.150,29.96,3.8971999999999998
10:22:28.197,30.37,3.8573000000000004
10:22:28.243,34.15,3.8343000000000007
10:22:28.289,32.1,3.8096999999999994
10:22:28.334,32.1,3.7958999999999996
10:22:28.381,31.45,3.7453000000000003
10:22:28.443,23.64,3.7453000000000003
10:22:28.503,22.71,3.7208000000000006
10:22:28.549,23.48,3.7315000000000005
10:22:28.596,22.71,3.7606
10:22:28.643,24.57,3.7514000000000003
10:22:28.688,26.15,3.7346000000000004
10:22:28.735,26.15,3.7714
10:22:28.781,27.2,3.8004999999999995
10:22:28.827,27.76,3.776
10:22:28.873,27.83,3.7775
10:22:28.919,30.64,3.7622
10:22:28.965,30.44,3.7897999999999996
10:22:29.013,31.59,3.7958999999999996
10:22:29.058,30.51,3.828099999999999
10:22:29.105,29.7,3.8173999999999992
10:22:29.151,33.27,3.8358000000000008
10:22:29.197,32.03,3.8481000000000005
10:22:29.243,31.23,3.8665000000000003
10:22:29.288,31.23,3.8941
10:22:29.335,29.97,3.946300000000001
10:22:29.382,30.51,3.938599999999999
10:22:29.443,30.39,4.0061
10:22:29.474,30.39,4.0199
10:22:29.522,28.58,4.0245
10:22:29.569,30.57,4.052099999999999
10:22:29.615,29.17,4.070499999999999
10:22:29.663,30.16,4.070499999999999
10:22:29.708,28.7,4.1165
10:22:29.770,29.56,4.1640999999999995
10:22:29.817,31.31,4.177899999999999
10:22:29.864,28.76,4.194800000000001
10:22:29.910,28.35,4.2239
10:22:29.957,30.25,4.2515
10:22:30.003,28.74,4.2546
10:22:30.047,28.74,4.297499999999999
10:22:30.095,28.7,4.309799999999999
10:22:30.143,29.16,4.289899999999999
10:22:30.189,29.77,4.306699999999999
10:22:30.235,29.17,4.312900000000001
10:22:30.282,29.8,4.317500000000001
10:22:30.327,27.71,4.315899999999999
10:22:30.373,27.65,4.294499999999999
10:22:30.419,31.43,4.285299999999999
10:22:30.466,29.38,4.294499999999999
10:22:30.512,28.7,4.303699999999999
10:22:30.560,28.7,4.306699999999999
10:22:30.607,28.89,4.317500000000001
10:22:30.654,31.03,4.322100000000001
10:22:30.701,30.46,4.294499999999999
10:22:30.748,30.39,4.305199999999999
10:22:30.794,29.36,4.315899999999999
10:22:30.840,31.24,4.319000000000001
10:22:30.888,29.84,4.3436
10:22:30.933,29.24,4.332800000000001
10:22:30.979,29.3,4.331300000000001
10:22:31.027,29.77,4.332800000000001
10:22:31.072,28.96,4.322100000000001
10:22:31.118,28.96,4.3405000000000005
10:22:31.164,28.96,4.337400000000001
10:22:31.210,28.96,4.3466000000000005
10:22:31.256,29.02,4.317500000000001
10:22:31.318,31.29,4.328200000000001
10:22:31.365,30.18,4.319000000000001
10:22:31.412,28.89,4.326700000000001
10:22:31.443,30.17,4.328200000000001
10:22:31.491,29.14,4.303699999999999
10:22:31.538,29.5,4.315899999999999
10:22:31.598,29.29,4.314399999999999
10:22:31.645,30.62,4.2806999999999995
10:22:31.692,31.43,4.2607
10:22:31.739,29.91,4.1579
10:22:31.784,29.43,4.0489999999999995
10:22:31.829,30.32,3.9339999999999993
10:22:31.876,30.32,3.8481000000000005
10:22:31.922,30.99,3.703900000000001
10:22:31.968,25.62,3.6134000000000004
10:22:32.015,1.54,3.5858000000000008
10:22:32.062,-24.57,3.6425
10:22:32.109,-25.28,3.6502
10:22:32.155,-20.14,3.6700999999999997
10:22:32.201,-16.64,3.6532999999999998
10:22:32.247,-14.82,3.6471
10:22:32.294,-15.58,3.6578999999999997
10:22:32.342,-16.49,3.6578999999999997
10:22:32.388,-15.51,3.6379
10:22:32.433,-15.51,3.6639999999999997
10:22:32.481,-16.89,3.6303
10:22:32.528,-11.3,3.6670999999999996
10:22:32.575,-13.91,3.6670999999999996
10:22:32.622,-15.24,3.6746999999999996
10:22:32.668,-13.73,3.6502
10:22:32.716,-12.17,3.6639999999999997
10:22:32.762,-13.7,3.6685999999999996
10:22:32.810,-8.7,3.6670999999999996
10:22:32.856,-13.13,3.6762999999999995
10:22:32.902,-11.3,3.6487
10:22:32.948,-11.33,3.6823999999999995
10:22:32.994,-7.86,3.6762999999999995
10:22:33.042,-9.57,3.6609
10:22:33.088,-9.57,3.6639999999999997
10:22:33.137,-12.15,3.6670999999999996
10:22:33.184,-12.2,3.6670999999999996
10:22:33.230,-8.78,3.6854999999999993
10:22:33.277,-7.79,3.6639999999999997
10:22:33.323,-8.7,3.6792999999999996
10:22:33.370,-5.19,3.6624999999999996
10:22:33.416,-4.69,3.6609
10:22:33.461,-9.28,3.6823999999999995
10:22:33.509,-6.96,3.6532999999999998
10:22:33.555,-4.66,3.6762999999999995
10:22:33.601,-6.99,3.6823999999999995
10:22:33.648,-8.54,3.6731999999999996
10:22:33.693,-4.32,3.700799999999999
10:22:33.740,-4.32,3.6884999999999994
10:22:33.802,-1.75,3.6777999999999995
10:22:33.833,-1.75,3.7162000000000006
10:22:33.893,-3.49,3.6792999999999996
10:22:33.941,-4.31,3.700799999999999
10:22:33.989,2.59,3.6838999999999995
10:22:34.035,1.7,3.6792999999999996
10:22:34.080,0.84,3.6930999999999994
10:22:34.127,-1.69,3.6548
10:22:34.174,-1.7,3.6854999999999993
10:22:34.222,-1.72,3.6884999999999994
10:22:34.266,0.86,3.6792999999999996
10:22:34.312,3.46,3.7208000000000006
10:22:34.358,1.76,3.6685999999999996
10:22:34.405,4.36,3.6609
10:22:34.453,0.86,3.6961999999999993
10:22:34.498,0.86,3.6716999999999995
10:22:34.544,4.35,3.7116000000000007
10:22:34.591,10.41,3.7284000000000006
10:22:34.636,-3.48,3.6961999999999993
10:22:34.682,6.99,3.7346000000000004
10:22:34.728,15.76,3.6593999999999998
10:22:34.775,3.49,3.700799999999999
10:22:34.822,12.03,3.7116000000000007
10:22:34.869,12.47,3.6487
10:22:34.916,5.47,3.776
10:22:34.963,14.0,3.6639999999999997
10:22:35.008,14.78,3.7284000000000006
10:22:35.055,7.03,3.7392000000000003
10:22:35.101,7.03,3.6854999999999993
10:22:35.147,19.41,3.7683
10:22:35.194,16.3,3.7070000000000007
10:22:35.241,15.53,3.7376000000000005
10:22:35.287,20.92,3.7897999999999996
10:22:35.335,18.26,3.6762999999999995
10:22:35.383,16.84,3.7821
10:22:35.429,24.59,3.6777999999999995
10:22:35.476,21.26,3.7714
10:22:35.523,21.22,3.7866999999999997
10:22:35.570,28.49,3.6930999999999994
10:22:35.617,21.61,3.8096999999999994
10:22:35.664,24.24,3.708500000000001
10:22:35.711,31.02,3.7484
10:22:35.758,25.62,3.7989999999999995
10:22:35.803,25.62,3.7284000000000006
10:22:35.864,30.51,3.8173999999999992
10:22:35.911,31.45,3.837300000000001
10:22:35.958,33.02,3.7866999999999997
10:22:36.003,33.02,3.8665000000000003
10:22:36.050,31.32,3.8588000000000005
10:22:36.098,32.75,3.888
10:22:36.144,30.16,3.9109999999999996
10:22:36.192,29.89,3.9201999999999995
10:22:36.238,29.57,4.0045
10:22:36.287,28.44,4.061299999999999
10:22:36.334,29.2,4.087400000000001
10:22:36.396,28.41,4.187099999999999
10:22:36.441,28.0,4.2454
10:22:36.488,29.71,4.322100000000001
10:22:36.534,30.97,4.4003
10:22:36.583,28.72,4.5031
10:22:36.628,29.37,4.6135
10:22:36.673,28.17,4.676399999999999
10:22:36.721,30.06,4.7102
10:22:36.768,30.57,4.7117
10:22:36.814,30.57,4.654999999999999
10:22:36.862,30.82,4.5936
10:22:36.908,30.13,4.5046
10:22:36.954,29.64,4.3819
10:22:37.001,31.83,4.2561
10:22:37.048,28.0,4.1104
10:22:37.093,30.17,3.9938000000000002
10:22:37.138,30.54,3.8542000000000005
10:22:37.185,31.59,3.7131000000000007
10:22:37.231,19.04,3.576599999999999
10:22:37.278,-21.79,3.5581999999999994
10:22:37.325,-29.63,3.5795999999999992
10:22:37.373,-28.89,3.5996000000000006
10:22:37.419,-28.89,3.6026000000000007
10:22:37.466,-27.83,3.584199999999999
10:22:37.511,-25.57,3.6134000000000004
10:22:37.559,-26.6,3.6180000000000003
10:22:37.606,-25.74,3.6088000000000005
10:22:37.652,-24.6,3.5950000000000006
10:22:37.700,-28.06,3.6425
10:22:37.748,-25.45,3.6226000000000003
10:22:37.794,-23.7,3.5950000000000006
10:22:37.840,-24.99,3.5980000000000008
10:22:37.886,-24.94,3.6241000000000003
10:22:37.933,-24.16,3.6180000000000003
10:22:37.979,-24.79,3.6164000000000005
10:22:38.027,-27.55,3.6088000000000005
10:22:38.073,-25.62,3.6257
10:22:38.119,-25.62,3.6226000000000003
10:22:38.166,-25.62,3.6088000000000005
10:22:38.212,-27.95,3.6303
10:22:38.259,-26.15,3.5904000000000007
10:22:38.304,-25.16,3.6042000000000005
10:22:38.351,-25.33,3.6088000000000005
10:22:38.398,-27.14,3.6195000000000004
10:22:38.443,-29.04,3.6164000000000005
10:22:38.491,-26.36,3.6134000000000004
10:22:38.538,-24.66,3.6149000000000004
10:22:38.584,-27.94,3.6210000000000004
10:22:38.646,-25.33,3.5858000000000008
10:22:38.693,-26.48,3.6088000000000005
10:22:38.755,-26.09,3.6103000000000005
10:22:38.801,-26.21,3.6210000000000004
10:22:38.848,-23.69,3.6241000000000003
10:22:38.896,-25.57,3.6134000000000004
10:22:38.942,-29.1,3.5904000000000007
10:22:38.990,-25.8,3.6226000000000003
10:22:39.038,-26.33,3.5965000000000007
10:22:39.085,-25.39,3.5996000000000006
10:22:39.132,-27.2,3.6042000000000005
10:22:39.179,-27.14,3.6042000000000005
10:22:39.224,-27.14,3.588800000000001
10:22:39.271,-28.5,3.5919000000000008
10:22:39.318,-26.21,3.6072000000000006
10:22:39.366,-24.63,3.5980000000000008
10:22:39.413,-25.8,3.5996000000000006
10:22:39.473,-26.9,3.593400000000001
10:22:39.519,-25.28,3.6072000000000006
10:22:39.566,-26.96,3.6134000000000004
10:22:39.613,-26.69,3.5904000000000007
10:22:39.659,-26.91,3.6164000000000005
10:22:39.705,-27.55,3.584199999999999
10:22:39.752,-28.74,3.5950000000000006
10:22:39.799,-27.23,3.6149000000000004
10:22:39.844,-27.13,3.593400000000001
10:22:39.890,-27.95,3.6287000000000003
10:22:39.937,-27.12,3.5795999999999992
10:22:39.984,-26.56,3.6164000000000005
10:22:40.030,-27.28,3.5980000000000008
10:22:40.076,-27.28,3.593400000000001
10:22:40.123,-31.18,3.6026000000000007
10:22:40.170,-28.0,3.571999999999999
10:22:40.217,-29.62,3.5996000000000006
10:22:40.263,-28.12,3.5965000000000007
10:22:40.310,-30.4,3.5749999999999993
10:22:40.356,-27.23,3.5642999999999994
10:22:40.403,-27.34,3.593400000000001
10:22:40.449,-29.68,3.5996000000000006
10:22:40.494,-30.46,3.5550999999999995
10:22:40.540,-30.46,3.5858000000000008
10:22:40.588,-29.97,3.588800000000001
10:22:40.636,-27.95,3.5473999999999997
10:22:40.682,-27.95,3.5627999999999993
10:22:40.728,-30.51,3.5642999999999994
10:22:40.776,-31.23,3.571999999999999
10:22:40.823,-30.51,3.5489999999999995
10:22:40.869,-30.64,3.5657999999999994
10:22:40.917,-31.47,3.5504999999999995
10:22:40.965,-31.23,3.5489999999999995
10:22:41.011,-31.52,3.5244
10:22:41.058,-30.79,3.5229
10:22:41.103,-31.59,3.5121
10:22:41.148,-30.71,3.4983000000000004
10:22:41.194,-30.79,3.4845000000000006
10:22:41.241,-27.89,3.4692000000000007
10:22:41.288,-28.38,3.450799999999999
10:22:41.348,-27.83,3.3986
10:22:41.394,-27.83,3.344900000000001
10:22:41.442,-27.7,3.3111999999999995
10:22:41.489,-27.57,3.2498000000000005
10:22:41.522,-27.57,3.167
10:22:41.569,-29.56,3.1517
10:22:41.617,-28.54,3.0564999999999998
10:22:41.665,-26.72,2.9705999999999992
10:22:41.711,-26.93,2.8019
10:22:41.759,-28.76,2.7528000000000006
10:22:41.806,-28.79,2.7159999999999993
10:22:41.853,-28.94,2.6623
10:22:41.900,-29.56,2.6562
10:22:41.947,-26.54,2.7375000000000007
10:22:41.994,-26.54,2.8309999999999995
10:22:42.042,-30.71,2.9983000000000004
10:22:42.088,-30.57,3.1624
10:22:42.134,-29.23,3.3034999999999997
10:22:42.182,-27.0,3.4415999999999993
10:22:42.229,-29.5,3.5581999999999994
10:22:42.274,-32.02,3.6930999999999994
10:22:42.320,-17.82,3.7438000000000002
10:22:42.366,10.44,3.7284000000000006
10:22:42.413,23.64,3.7238000000000007
10:22:42.460,19.31,3.702400000000001
10:22:42.506,14.82,3.7162000000000006
10:22:42.568,14.04,3.714600000000001
10:22:42.599,12.29,3.7330000000000005
10:22:42.661,14.85,3.7177000000000007
10:22:42.707,16.52,3.714600000000001
10:22:42.756,16.56,3.705399999999999
10:22:42.801,19.22,3.7192000000000007
10:22:42.847,19.22,3.7300000000000004
10:22:42.893,19.09,3.7499000000000002
10:22:42.940,20.97,3.7422000000000004
10:22:42.986,21.01,3.7269000000000005
10:22:43.034,22.71,3.7223000000000006
10:22:43.081,21.94,3.7422000000000004
10:22:43.128,20.92,3.7346000000000004
10:22:43.175,24.57,3.7453000000000003
10:22:43.221,24.52,3.7851999999999997
10:22:43.267,26.78,3.7683
10:22:43.313,27.76,3.7514000000000003
10:22:43.359,25.91,3.7499000000000002
10:22:43.407,28.25,3.7836999999999996
10:22:43.452,28.25,3.7882999999999996
10:22:43.500,30.3,3.7836999999999996
10:22:43.547,31.39,3.8050999999999995
10:22:43.592,33.86,3.7866999999999997
10:22:43.640,31.6,3.8188999999999993
10:22:43.686,34.47,3.8343000000000007
10:22:43.732,32.31,3.8696
10:22:43.779,32.24,3.8619000000000003
10:22:43.826,32.6,3.8849
10:22:43.872,31.39,3.9354999999999993
10:22:43.919,29.57,3.952400000000001
10:22:43.964,30.9,4.0214
10:22:44.010,27.58,4.062799999999999
10:22:44.058,29.64,4.1242
10:22:44.104,29.64,4.197800000000001
10:22:44.151,30.11,4.253
10:22:44.197,27.84,4.291399999999999
10:22:44.243,27.05,4.328200000000001
10:22:44.291,30.55,4.362
10:22:44.338,28.83,4.3911
10:22:44.385,28.87,4.421799999999999
10:22:44.431,29.43,4.415699999999999
10:22:44.477,29.82,4.4018
10:22:44.524,31.81,4.3497
10:22:44.570,30.39,4.2837
10:22:44.615,30.39,4.2331
10:22:44.662,29.77,4.168699999999999
10:22:44.723,29.09,4.055199999999999
10:22:44.769,29.37,3.9861000000000004
10:22:44.816,29.37,3.9032999999999998
10:22:44.862,30.23,3.8173999999999992
10:22:44.909,31.46,3.7591
10:22:44.955,26.97,3.6654999999999998
10:22:45.001,12.9,3.6471
10:22:45.047,-8.48,3.6654999999999998
10:22:45.094,-11.85,3.699299999999999
10:22:45.142,-1.74,3.6976999999999993
10:22:45.187,0.88,3.699299999999999
10:22:45.233,0.87,3.6685999999999996
10:22:45.278,4.27,3.6930999999999994
10:22:45.324,3.38,3.7070000000000007
10:22:45.371,2.61,3.6700999999999997
10:22:45.417,2.61,3.6900999999999993
10:22:45.463,-0.83,3.6884999999999994
10:22:45.510,6.1,3.6685999999999996
10:22:45.559,5.19,3.6976999999999993
10:22:45.605,5.22,3.700799999999999
10:22:45.651,6.93,3.6838999999999995
10:22:45.699,6.94,3.694699999999999
10:22:45.746,6.91,3.7300000000000004
10:22:45.794,10.39,3.6869999999999994
10:22:45.841,7.88,3.7192000000000007
10:22:45.886,7.84,3.7070000000000007
10:22:45.932,9.25,3.700799999999999
10:22:45.978,11.9,3.700799999999999
10:22:46.024,11.9,3.703900000000001
10:22:46.069,12.75,3.714600000000001
10:22:46.115,13.55,3.6838999999999995
10:22:46.162,12.07,3.7070000000000007
10:22:46.212,12.9,3.7192000000000007
10:22:46.260,15.69,3.7254000000000005
10:22:46.308,15.69,3.708500000000001
10:22:46.362,16.6,3.7208000000000006
10:22:46.408,17.39,3.7346000000000004
10:22:46.444,16.56,3.7177000000000007
10:22:46.492,19.22,3.7300000000000004
10:22:46.540,22.61,3.7300000000000004
10:22:46.588,20.18,3.7162000000000006
10:22:46.636,20.05,3.7192000000000007
10:22:46.684,20.87,3.7284000000000006
10:22:46.730,20.87,3.7652
10:22:46.772,22.66,3.7330000000000005
10:22:46.820,22.71,3.7484
10:22:46.868,25.33,3.7576
10:22:46.916,27.02,3.7392000000000003
10:22:46.964,26.96,3.753
10:22:47.014,26.09,3.7882999999999996
10:22:47.060,28.7,3.7897999999999996
10:22:47.107,30.95,3.7943999999999996
10:22:47.148,29.17,3.8081999999999994
10:22:47.196,32.46,3.7958999999999996
10:22:47.244,29.89,3.8142999999999994
10:22:47.292,34.79,3.831200000000001
10:22:47.340,33.02,3.8358000000000008
10:22:47.385,31.16,3.8742
10:22:47.431,31.16,3.9078999999999997
10:22:47.479,30.44,3.9339999999999993
10:22:47.523,31.21,3.958500000000001
10:22:47.570,29.5,3.9892000000000003
10:22:47.618,28.8,4.064399999999999
10:22:47.664,29.03,4.1227
10:22:47.711,30.32,4.168699999999999
10:22:47.756,30.65,4.253
10:22:47.803,28.7,4.3359000000000005
10:22:47.851,28.89,4.420299999999999
10:22:47.899,29.86,4.4816
10:22:47.944,29.86,4.562900000000001
10:22:47.990,30.25,4.6396
10:22:48.051,30.06,4.662599999999999
10:22:48.084,30.06,4.6243
10:22:48.132,30.13,4.581300000000001
10:22:48.180,32.5,4.4985
10:22:48.236,31.21,4.4079999999999995
10:22:48.276,29.91,4.326700000000001
10:22:48.324,29.77,4.2224
10:22:48.372,31.07,4.1365
10:22:48.412,28.7,4.059799999999999
10:22:48.460,30.3,3.9631000000000007
10:22:48.508,28.23,3.9002
10:22:48.556,30.9,3.8188999999999993
10:22:48.604,30.4,3.7238000000000007
10:22:48.652,15.53,3.6700999999999997
10:22:48.700,15.53,3.6517
10:22:48.740,-6.33,3.6624999999999996
10:22:48.788,-10.41,3.7070000000000007
10:22:48.836,-3.49,3.6884999999999994
10:22:48.884,5.24,3.6762999999999995
10:22:48.932,2.61,3.6838999999999995
10:22:48.980,0.87,3.6762999999999995
10:22:49.028,0.44,3.6915999999999993
10:22:49.075,6.07,3.694699999999999
10:22:49.116,6.96,3.7223000000000006
10:22:49.164,7.05,3.6854999999999993
10:22:49.212,2.31,3.6777999999999995
10:22:49.260,2.28,3.714600000000001
10:22:49.307,9.53,3.6976999999999993
10:22:49.353,9.53,3.700799999999999
10:22:49.400,12.32,3.708500000000001
10:22:49.446,10.74,3.6838999999999995
10:22:49.492,8.75,3.6884999999999994
10:22:49.540,7.35,3.700799999999999
10:22:49.588,13.28,3.6746999999999996
10:22:49.635,10.87,3.699299999999999
10:22:49.681,12.35,3.7361000000000004
10:22:49.728,16.87,3.694699999999999
10:22:49.772,13.22,3.6930999999999994
10:22:49.820,12.6,3.6808999999999994
10:22:49.868,12.57,3.714600000000001
10:22:49.915,18.67,3.7453000000000003
10:22:49.960,18.67,3.703900000000001
10:22:50.007,18.71,3.708500000000001
10:22:50.053,16.37,3.7361000000000004
10:22:50.100,14.75,3.7499000000000002
10:22:50.149,18.71,3.7315000000000005
10:22:50.195,23.58,3.7223000000000006
10:22:50.241,22.19,3.7330000000000005
10:22:50.287,23.38,3.7238000000000007
10:22:50.334,21.82,3.7652
10:22:50.396,23.24,3.7622
10:22:50.441,26.09,3.7468000000000004
10:22:50.488,27.2,3.7622
10:22:50.536,27.08,3.7560000000000002
10:22:50.568,27.89,3.7622
10:22:50.615,29.77,3.779
10:22:50.676,29.84,3.7897999999999996
10:22:50.723,32.32,3.7882999999999996
10:22:50.769,32.25,3.7989999999999995
10:22:50.804,32.25,3.828099999999999
10:22:50.861,32.25,3.8481000000000005
10:22:50.908,33.5,3.8665000000000003
10:22:50.953,33.35,3.8818
10:22:51.000,31.45,3.8941
10:22:51.047,31.0,3.947800000000001
10:22:51.095,29.03,3.9938000000000002
10:22:51.141,29.44,4.0337
10:22:51.189,30.37,4.088900000000001
10:22:51.237,29.5,4.1579
10:22:51.283,28.31,4.2331
10:22:51.330,30.97,4.2867999999999995
10:22:51.377,30.54,4.4049
10:22:51.423,31.81,4.4693000000000005
10:22:51.470,28.72,4.569000000000001
10:22:51.516,28.72,4.6304
10:22:51.562,29.79,4.659599999999999
10:22:51.609,29.85,4.691800000000001
10:22:51.656,30.06,4.7194
10:22:51.704,29.79,4.679500000000001
10:22:51.752,29.79,4.6396
10:22:51.798,32.66,4.5905000000000005
10:22:51.846,29.81,4.535299999999999
10:22:51.892,29.99,4.437099999999999
10:22:51.938,30.21,4.3528
10:22:51.983,28.67,4.2469
10:22:52.030,27.39,4.1211
10:22:52.077,29.57,3.9892000000000003
10:22:52.124,29.57,3.9093999999999998
10:22:52.170,28.83,3.8173999999999992
10:22:52.218,33.42,3.6762999999999995
10:22:52.266,19.17,3.5336
10:22:52.313,-16.64,3.6118000000000006
10:22:52.360,-25.33,3.6303
10:22:52.408,-24.46,3.6395
10:22:52.455,-21.06,3.6654999999999998
10:22:52.500,-16.6,3.6731999999999996
10:22:52.547,-12.17,3.6532999999999998
10:22:52.588,-12.96,3.6700999999999997
10:22:52.640,-13.16,3.641
10:22:52.684,-16.6,3.6441
10:22:52.732,-17.47,3.6792999999999996
10:22:52.780,-13.04,3.6593999999999998
10:22:52.820,-13.04,3.6654999999999998
10:22:52.874,-11.38,3.6731999999999996
10:22:52.920,-12.12,3.6639999999999997
10:22:52.967,-13.2,3.6593999999999998
10:22:53.012,-10.91,3.6333
10:22:53.060,-13.22,3.703900000000001
10:22:53.107,-10.91,3.6685999999999996
10:22:53.154,-13.22,3.6700999999999997
10:22:53.201,-10.15,3.6700999999999997
10:22:53.247,-8.59,3.6639999999999997
10:22:53.294,-12.4,3.6700999999999997
10:22:53.340,-13.04,3.6854999999999993
10:22:53.386,-6.1,3.6746999999999996
10:22:53.432,-6.94,3.6700999999999997
10:22:53.478,-6.94,3.6624999999999996
10:22:53.524,-6.66,3.6487
10:22:53.569,-9.74,3.703900000000001
10:22:53.616,-7.66,3.6808999999999994
10:22:53.676,-6.9,3.6884999999999994
10:22:53.721,0.1,3.6654999999999998
10:22:53.768,-7.72,3.6654999999999998
10:22:53.816,-3.11,3.6593999999999998
10:22:53.861,-3.9,3.6838999999999995
10:22:53.909,-5.47,3.6563
10:22:53.957,-6.22,3.6976999999999993
10:22:54.004,0.77,3.6639999999999997
10:22:54.051,-3.9,3.6792999999999996
10:22:54.098,-3.9,3.6762999999999995
10:22:54.144,2.34,3.6639999999999997
10:22:54.189,0.77,3.702400000000001
10:22:54.235,0.77,3.6257
10:22:54.282,-1.56,3.7070000000000007
10:22:54.329,3.09,3.7361000000000004
10:22:54.376,0.88,3.6487
10:22:54.423,3.47,3.7346000000000004
10:22:54.469,8.76,3.641
10:22:54.515,-1.75,3.6716999999999995
10:22:54.561,3.49,3.7514000000000003
10:22:54.608,9.59,3.6502
10:22:54.654,-0.86,3.7622
10:22:54.699,13.98,3.6548
10:22:54.747,10.48,3.6823999999999995
10:22:54.793,0.75,3.7453000000000003
10:22:54.839,14.85,3.6685999999999996
10:22:54.886,14.85,3.7698
10:22:54.933,13.25,3.6532999999999998
10:22:54.979,4.37,3.703900000000001
10:22:55.027,20.87,3.7821
10:22:55.075,8.78,3.6654999999999998
10:22:55.122,6.94,3.753
10:22:55.168,21.69,3.6930999999999994
10:22:55.214,15.62,3.6777999999999995
10:22:55.260,11.6,3.7836999999999996
10:22:55.307,23.2,3.6762999999999995
10:22:55.353,19.69,3.7882999999999996
10:22:55.400,20.27,3.7131000000000007
10:22:55.447,25.83,3.6838999999999995
10:22:55.493,17.01,3.8050999999999995
10:22:55.539,17.01,3.6976999999999993
10:22:55.586,21.54,3.7683
10:22:55.634,24.18,3.7499000000000002
10:22:55.682,18.1,3.7070000000000007
10:22:55.728,26.27,3.7882999999999996
10:22:55.774,25.39,3.702400000000001
10:22:55.820,21.94,3.7576
10:22:55.866,25.22,3.7499000000000002
10:22:55.927,23.03,3.7177000000000007
10:22:55.958,21.06,3.753
10:22:56.019,24.63,3.7407000000000004
10:22:56.066,22.76,3.7422000000000004
10:22:56.112,22.66,3.7223000000000006
10:22:56.160,21.01,3.7315000000000005
10:22:56.206,21.94,3.7545
10:22:56.253,21.84,3.7714
10:22:56.298,21.94,3.7238000000000007
10:22:56.344,21.84,3.753
10:22:56.390,21.84,3.7330000000000005
10:22:56.436,21.84,3.7438000000000002
10:22:56.482,21.99,3.7499000000000002
10:22:56.528,22.71,3.7468000000000004
10:22:56.574,25.45,3.7591
10:22:56.623,26.27,3.7514000000000003
10:22:56.669,27.14,3.7576
10:22:56.717,25.28,3.7729
10:22:56.765,27.7,3.7851999999999997
10:22:56.811,28.7,3.7744
10:22:56.857,28.38,3.8142999999999994
10:22:56.903,31.6,3.7958999999999996
10:22:56.949,32.03,3.7943999999999996
10:22:56.996,32.03,3.8297000000000008
10:22:57.044,34.16,3.837300000000001
10:22:57.089,33.27,3.821999999999999
10:22:57.135,29.76,3.8557000000000006
10:22:57.180,31.46,3.8496000000000006
10:22:57.226,32.17,3.8588000000000005
10:22:57.272,30.34,3.826599999999999
10:22:57.333,31.53,3.7683
10:22:57.365,32.75,3.7805999999999997
10:22:57.412,29.37,3.7499000000000002
10:22:57.474,25.51,3.7177000000000007
10:22:57.520,20.87,3.7422000000000004
10:22:57.565,22.96,3.6854999999999993
10:22:57.611,18.67,3.7208000000000006
10:22:57.656,18.39,3.7070000000000007
10:22:57.703,12.29,3.6792999999999996
10:22:57.750,12.29,3.6930999999999994
10:22:57.797,10.48,3.7070000000000007
10:22:57.842,5.22,3.6808999999999994
10:22:57.888,3.47,3.6854999999999993
10:22:57.935,-2.61,3.6915999999999993
10:22:57.981,-1.74,3.6639999999999997
10:22:58.029,-3.47,3.6808999999999994
10:22:58.076,-3.46,3.6624999999999996
10:22:58.123,-3.49,3.6685999999999996
10:22:58.170,-5.22,3.6854999999999993
10:22:58.217,-7.0,3.6502
10:22:58.264,-9.5,3.6777999999999995
10:22:58.310,-11.67,3.6471
10:22:58.356,-12.5,3.6517
10:22:58.403,-18.26,3.6272
10:22:58.450,-18.26,3.6333
10:22:58.496,-18.71,3.6318
10:22:58.542,-21.05,3.6088000000000005
10:22:58.587,-24.11,3.6149000000000004
10:22:58.634,-21.26,3.6057000000000006
10:22:58.679,-27.08,3.5996000000000006
10:22:58.727,-26.21,3.6226000000000003
10:22:58.775,-30.51,3.5996000000000006
10:22:58.823,-27.89,3.593400000000001
10:22:58.871,-26.15,3.6149000000000004
10:22:58.918,-24.6,3.6624999999999996
10:22:58.963,-23.86,3.6609
10:22:59.008,-21.16,3.6395
10:22:59.056,-19.82,3.6654999999999998
10:22:59.103,-20.78,3.6257
10:22:59.151,-20.78,3.6700999999999997
10:22:59.198,-20.64,3.6395
10:22:59.245,-22.61,3.6379
10:22:59.292,-21.01,3.6502
10:22:59.338,-18.34,3.6593999999999998
10:22:59.384,-15.65,3.6808999999999994
10:22:59.431,-8.7,3.710000000000001
10:22:59.477,-2.34,3.7330000000000005
10:22:59.524,3.16,3.7177000000000007
10:22:59.571,4.64,3.6915999999999993
10:22:59.619,1.54,3.6777999999999995
10:22:59.666,-3.09,3.6226000000000003
10:22:59.712,-11.62,3.6792999999999996
10:22:59.758,-12.42,3.6548
10:22:59.805,-12.42,3.6118000000000006
10:22:59.851,-14.51,3.6226000000000003
10:22:59.897,-19.41,3.6349
10:22:59.944,-23.49,3.6333
10:22:59.990,-22.43,3.6134000000000004
10:23:00.052,-21.59,3.6210000000000004
10:23:00.083,-23.22,3.6057000000000006
10:23:00.130,-21.84,3.6395
10:23:00.177,-20.36,3.6349
10:23:00.224,-23.01,3.6118000000000006
10:23:00.271,-22.91,3.6364
10:23:00.318,-16.41,3.6180000000000003
10:23:00.380,-13.95,3.6257
10:23:00.426,-12.15,3.6517
10:23:00.473,-11.85,3.6532999999999998
10:23:00.518,-10.41,3.6854999999999993
10:23:00.566,-9.17,3.7606
10:23:00.612,-9.17,3.8081999999999994
10:23:00.660,-7.79,3.8726000000000003
10:23:00.706,-6.99,3.8696
10:23:00.753,-5.46,3.9277999999999995
10:23:00.799,-4.69,3.9601000000000006
10:23:00.845,-3.51,3.9708000000000006
10:23:00.884,-3.48,4.0352
10:23:00.932,-2.57,4.0997
10:23:00.980,-1.68,4.1518
10:23:01.033,0.29,4.193199999999999
10:23:01.080,1.72,4.2577
10:23:01.126,0.42,4.289899999999999
10:23:01.173,-0.45,4.3543
10:23:01.219,-0.45,4.420299999999999
10:23:01.266,0.86,4.5077
10:23:01.312,0.13,4.561400000000001
10:23:01.358,0.18,4.6304
10:23:01.404,0.3,4.6304
10:23:01.450,-0.3,4.6381
10:23:01.497,0.91,4.670299999999999
10:23:01.540,0.22,4.693300000000001
10:23:01.588,-0.07,4.7255
10:23:01.636,0.15,4.7363
10:23:01.684,-0.92,4.7485
10:23:01.730,0.3,4.7286
10:23:01.776,-0.82,4.7224
10:23:01.824,0.15,4.708600000000001
10:23:01.870,0.15,4.693300000000001
10:23:01.917,-0.22,4.6411
10:23:02.053,0.11,4.538399999999999
