time,theta,motor_vel
14:27:36.743,273.5128626258877
14:27:38.382,284.8516973900461
14:27:38.428,283.7115113778847
14:27:38.474,283.09844653717477
14:27:38.522,281.688970361337
14:27:38.568,281.5113534448696
14:27:38.614,281.6030266920786
14:27:38.661,280.2852237634497
14:27:38.708,280.8982886041597
14:27:38.755,280.1076068469824
14:27:38.802,280.81234493490126
14:27:38.848,280.7206716876923
14:27:38.894,280.4571111019666
14:27:38.940,280.98423227341806
14:27:38.985,280.81234493490126
14:27:39.031,280.8982886041597  
14:27:39.078,280.98423227341806
14:27:39.139,280.98423227341806
14:27:39.186,281.24779285914383
14:27:39.219,281.24779285914383
14:27:39.281,281.42540977561123
14:27:39.313,281.5113534448696
14:27:39.372,281.688970361337
14:27:39.419,281.6030266920786
14:27:39.467,281.5113534448696
14:27:39.513,281.1618491898854
14:27:39.560,280.98423227341806
14:27:39.606,280.5487843491755
14:27:39.652,280.2852237634497
14:27:39.698,279.66642934478926
14:27:39.744,279.4028687590635
14:27:39.789,278.9674208348209
14:27:39.836,278.70386024909516
14:27:39.883,278.87574758761195
14:27:39.929,278.87574758761195
14:27:39.976,279.2309814205467
14:27:40.023,279.4028687590635
14:27:40.069,279.49454200627247
14:27:40.115,279.49454200627247
14:27:40.162,279.75810259199824
14:27:40.208,279.66642934478926
14:27:40.256,279.8440462612566
14:27:40.303,280.02166317772395
14:27:40.350,280.1935505162408
14:27:40.396,280.4571111019666
14:27:40.443,280.5487843491755
14:27:40.489,280.6347280184339
14:27:40.535,280.6347280184339
14:27:40.580,280.4571111019666
14:27:40.626,280.4571111019666
14:27:40.672,280.4571111019666
14:27:40.720,280.4571111019666
14:27:40.766,280.37116743270815
14:27:40.827,280.4571111019666
14:27:40.873,280.6347280184339
14:27:40.919,280.7206716876923
14:27:40.965,280.5487843491755
14:27:41.010,280.6347280184339
14:27:41.057,280.7206716876923
14:27:41.104,280.6347280184339
14:27:41.150,280.4571111019666
14:27:41.196,280.6347280184339
14:27:41.243,280.5487843491755
14:27:41.291,280.7206716876923
14:27:41.338,280.8982886041597
14:27:41.385,280.98423227341806
14:27:41.431,280.98423227341806
14:27:41.478,280.8982886041597
14:27:41.524,280.81234493490126
14:27:41.572,280.98423227341806
14:27:41.617,280.7206716876923
14:27:41.665,280.7206716876923
14:27:41.710,280.8982886041597
14:27:41.756,280.8982886041597
14:27:41.804,280.81234493490126
14:27:41.852,280.7206716876923
14:27:41.898,280.81234493490126
14:27:41.945,280.5487843491755
14:27:41.992,280.5487843491755
14:27:42.035,280.4571111019666
14:27:42.086,280.4571111019666
14:27:42.133,280.2852237634497
14:27:42.181,280.37116743270815
14:27:42.225,280.37116743270815
14:27:42.271,280.2852237634497
14:27:42.317,280.4571111019666
14:27:42.364,280.4571111019666
14:27:42.410,280.2852237634497
14:27:42.457,280.5487843491755
14:27:42.503,280.5487843491755
14:27:42.547,280.4571111019666
14:27:42.595,280.6347280184339
14:27:42.656,280.5487843491755
14:27:42.702,280.5487843491755
14:27:42.749,280.37116743270815
14:27:42.796,280.37116743270815
14:27:42.842,280.1935505162408
14:27:42.889,280.2852237634497
14:27:42.936,280.37116743270815
14:27:42.981,280.4571111019666
14:27:43.027,280.4571111019666
14:27:43.074,280.37116743270815
14:27:43.120,280.37116743270815
14:27:43.166,280.2852237634497
14:27:43.213,280.2852237634497
14:27:43.260,280.1935505162408
14:27:43.306,280.2852237634497
14:27:43.354,280.2852237634497
14:27:43.398,280.2852237634497
14:27:43.446,280.1935505162408
14:27:43.492,280.1935505162408
14:27:43.540,280.1076068469824
14:27:43.585,280.1076068469824
14:27:43.632,279.929989930515
14:27:43.679,279.8440462612566
14:27:43.726,280.02166317772395
14:27:43.772,280.02166317772395
14:27:43.820,280.1935505162408
14:27:43.865,280.02166317772395
14:27:43.912,280.98423227341806
14:27:43.962,282.65726903498165,-24.74
14:27:44.006,281.3394661063528,5.89
14:27:44.053,281.1618491898854,1.72
14:27:44.100,282.3020352020469,-17.98
14:27:44.147,281.24779285914383,5.54
14:27:44.191,280.81234493490126,-15.91
14:27:44.237,281.688970361337,-13.76
14:27:44.283,280.5487843491755,8.38
14:27:44.331,280.81234493490126,-22.16
14:27:44.379,282.03847461632114,-22.16
14:27:44.424,281.3394661063528,-14.75
14:27:44.473,279.8440462612566,-1.92
14:27:44.518,282.21609153278854,-28.19
14:27:44.564,281.688970361337,-11.98
14:27:44.611,281.0759055206271,-5.72
14:27:44.658,281.24779285914383,-30.38
14:27:44.706,281.1618491898854,-10.47
14:27:44.752,282.3020352020469,-17.13
14:27:44.798,281.6030266920786,-14.2
14:27:44.844,280.37116743270815,-16.67
14:27:44.891,281.42540977561123,-19.0
14:27:44.953,280.98423227341806,-4.61
14:27:44.999,281.5113534448696,-28.69
14:27:45.046,282.1301478635301,-13.46
14:27:45.078,281.3394661063528,-13.46
14:27:45.141,281.5113534448696,-28.31
14:27:45.186,282.21609153278854,-28.31
14:27:45.232,281.5113534448696,-12.84
14:27:45.280,281.24779285914383,-19.64
14:27:45.324,280.98423227341806,-24.95
14:27:45.370,280.7206716876923,-17.13
14:27:45.417,282.3937084492559,-17.51
14:27:45.462,280.81234493490126,-9.31
14:27:45.509,281.1618491898854,-28.72
14:27:45.555,281.688970361337,-21.2
14:27:45.601,280.8982886041597,-10.47
14:27:45.646,280.98423227341806,-31.4
14:27:45.692,282.03847461632114,-31.4
14:27:45.738,281.6030266920786,-21.45
14:27:45.784,281.1618491898854,-14.39
14:27:45.830,280.98423227341806,-29.89
14:27:45.878,280.81234493490126,-22.45
14:27:45.924,280.6347280184339,-16.22
14:27:45.970,281.7749140305954,-25.5
14:27:46.016,281.95253094706277,-25.2
14:27:46.062,280.6347280184339,-11.03
14:27:46.110,279.929989930515,-20.33
14:27:46.158,281.42540977561123,-30.45
14:27:46.206,282.21609153278854,-24.56
14:27:46.258,280.8982886041597,-7.52
14:27:46.301,280.1935505162408,-7.52
14:27:46.350,281.0759055206271,-29.43
14:27:46.395,282.1301478635301,-31.12
14:27:46.451,280.8982886041597,-16.06
14:27:46.485,280.98423227341806,-24.62
14:27:46.534,281.6030266920786,-34.51
14:27:46.582,281.42540977561123,-23.92
14:27:46.635,281.5113534448696,-20.59
14:27:46.678,281.24779285914383,-27.27
14:27:46.724,280.98423227341806,-23.38
14:27:46.772,280.8982886041597,-21.4
14:27:46.814,281.1618491898854,-30.89
14:27:46.861,281.6030266920786,-23.97
14:27:46.912,281.3394661063528,-23.97
14:27:46.957,281.0759055206271,-22.94
14:27:47.004,281.5113534448696,-30.6
14:27:47.051,281.3394661063528,-28.69
14:27:47.098,281.24779285914383,-22.06
14:27:47.142,281.42540977561123,-27.39
14:27:47.190,281.42540977561123,-25.63
14:27:47.235,281.42540977561123,-31.4
14:27:47.282,281.0759055206271,-19.87
14:27:47.329,281.42540977561123,-30.57
14:27:47.375,281.6030266920786,-32.53
14:27:47.423,281.42540977561123,-25.45
14:27:47.470,280.8982886041597,-24.08
14:27:47.518,280.6347280184339,-29.57
14:27:47.564,281.1618491898854,-29.57
14:27:47.609,280.98423227341806,-30.45
14:27:47.662,281.7749140305954,-30.95
14:27:47.717,281.0759055206271,-26.08
14:27:47.751,280.98423227341806,-26.08
14:27:47.798,281.0759055206271,-30.82
14:27:47.845,281.42540977561123,-30.53
14:27:47.893,281.3394661063528,-28.31
14:27:47.942,280.8982886041597,-27.39
14:27:47.996,280.5487843491755,-32.27
14:27:48.042,280.4571111019666,-31.02
14:27:48.186,280.6347280184339,-30.82
14:27:48.226,280.4571111019666,-31.25
14:27:48.270,280.37116743270815,-31.25
14:27:48.318,280.5487843491755,-32.43
14:27:48.365,280.02166317772395,-31.74
14:27:48.411,280.1935505162408,-32.19
14:27:48.458,279.4028687590635,-28.48
14:27:48.505,279.58048567553084,-32.9
14:27:48.550,278.9674208348209,-28.41
14:27:48.598,278.4402996633694,-28.48
14:27:48.646,277.82150524470893,-30.64
14:27:48.692,276.9448798182732,-29.65
14:27:48.739,275.36351630391863,-31.4
14:27:48.784,272.37267661372624,-28.69
14:27:48.831,267.7145297399209,-31.56
14:27:48.878,262.00214052321246,-29.43
14:27:48.924,256.02619072077823,-29.43
14:27:48.969,248.55482107324787,-30.95
14:27:49.015,239.23852732563716,-31.16
14:27:49.077,227.023067135043,-29.35
14:27:49.122,217.8786607259491,-29.35
14:27:49.166,208.8259275640641,-29.65
14:27:49.213,199.60130706366235,-31.38
14:27:49.261,190.37095698531002,-30.54
14:27:49.305,181.40416749268348,-28.04
14:27:49.350,172.44310757800747,-29.75
14:27:49.396,162.50801941173623,-29.14
14:27:49.441,154.16002433777018,-28.24
14:27:49.488,146.07558984952988,-29.68
14:27:49.535,137.1947440261617,-32.03
14:27:49.581,129.7291039565819,-29.86
14:27:49.628,122.52129489477727,-29.86
14:27:49.675,116.98079301658566,-31.39
14:27:49.721,112.15075880426349,-31.81
14:27:49.768,109.86465720199,-29.99
14:27:49.815,109.50942336905527,-29.76
14:27:49.863,111.3600770470862,-31.49
14:27:49.909,116.19011125940835,-30.57
14:27:49.955,122.52129489477727,-30.54
14:27:50.001,129.81504762584026,-29.71
14:27:50.047,139.3949019591768,-30.64
14:27:50.094,148.36169145180335,-28.59
14:27:50.142,158.20510637086562,-27.86
14:27:50.204,172.2654906615401,-28.06
14:27:50.250,184.13144659715007,-26.91
14:27:50.312,197.31520546138887,-27.99
14:27:50.360,207.24456404970957,-27.79
14:27:50.405,214.9794942829657,-31.48
14:27:50.452,220.86950041614148,-30.91
14:27:50.499,225.877151544931,-30.75
14:27:50.545,230.27173783301063,-30.89
14:27:50.592,236.07580029692798,-32.6
14:27:50.638,242.05175009936218,-31.8
14:27:50.685,248.90432532823206,-28.5
14:27:50.732,257.5216105658745,-28.5
14:27:50.778,266.39672681129207,-31.81
14:27:50.825,276.1541980610959,-33.39
14:27:50.870,285.2928748922393,-30.72
14:27:50.916,293.554926296947,-7.54
14:27:50.963,298.5625774257365,21.78
14:27:51.009,304.0114060567192,30.08
14:27:51.055,309.81546852063656,30.72
14:27:51.102,315.26429715161913,31.09
14:27:51.149,321.154303284795,32.03
14:27:51.196,326.9526361707618,29.87
14:27:51.243,331.1696055423741,31.53
14:27:51.288,335.0370706590021,31.53
14:27:51.336,337.6784060942103,29.5
14:27:51.380,340.22233870425896,31.16
14:27:51.429,342.6860572229998,29.95
14:27:51.476,343.8262432351613,31.4
14:27:51.517,343.2991220637097,30.3
14:27:51.566,341.19063737790367,30.6
14:27:51.613,337.85029343272714,32.6
14:27:51.658,333.0202592204049,31.89
14:27:51.705,327.9209348444065,30.72
14:27:51.752,321.154303284795,32.35
14:27:51.798,316.0549789087965,33.47
14:27:51.845,309.37429101844344,31.72
14:27:51.894,302.8712200445577,29.83
14:27:51.942,295.05034614204317,29.83
14:27:51.990,286.7882947373355,31.72
14:27:52.038,278.87574758761195,31.96
14:27:52.086,274.395217630274,16.63
14:27:52.125,271.66793852580736,-16.14
14:27:52.174,269.82301442572697,-29.8
14:27:52.222,266.92384798274355,-30.82
14:27:52.270,264.0246815397602,-31.81
14:27:52.325,259.63009525168053,-31.81
14:27:52.369,255.40739630211777,-29.72
14:27:52.415,251.54566076344028,-30.68
14:27:52.464,248.73243798971524,-32.03
14:27:52.511,247.7641393160706,-32.42
14:27:52.554,248.11364357105475,-32.43
14:27:52.600,249.25955916116675,-32.43
14:27:52.645,251.3680438469729,-31.42
14:27:52.688,253.91770603497216,-31.02
14:27:52.735,256.90281614721397,-31.42
14:27:52.782,259.63009525168053,-31.96
14:27:52.841,261.91619685395403,-29.35
14:27:52.885,263.1423265353739,-29.72
14:27:52.929,264.55180271121174,-31.57
14:27:52.970,265.6919887233732,-31.42
14:27:53.027,266.92384798274355,-31.67
14:27:53.073,267.89214665638826,-30.16
14:27:53.120,268.6828284135655,-32.03
14:27:53.170,269.3875665014844,-31.4
14:27:53.203,269.55945384000125,-31.4
14:27:53.266,269.20994958501706,-31.02
14:27:53.311,269.2958932542755,-31.6
14:27:53.355,269.11827633780814,-31.6
14:27:53.392,268.9463889992913,-31.65
14:27:53.448,267.97809032564663,-30.68
14:27:53.494,267.6285860706625,-31.4
14:27:53.542,267.45096915419515,-31.42
14:27:53.588,267.10146489921095,-31.72
14:27:53.634,266.92384798274355,-29.65
14:27:53.680,266.92384798274355,-29.57
14:27:53.726,267.1874085684693,-34.01
14:27:53.769,267.10146489921095,-32.03
14:27:53.817,267.009791652002,-29.65
14:27:53.866,266.7462310662762,-31.17
14:27:53.913,266.6602873970178,-31.17
14:27:53.959,266.48267048055044,-30.64
14:27:54.004,266.5743437277594,-32.43
14:27:54.049,266.7462310662762,-29.7
14:27:54.094,267.27335223772775,-31.17
14:27:54.155,267.8004734091793,-29.14
14:27:54.202,268.06403399490506,-28.62
14:27:54.238,268.32759458063083,-31.4
14:27:54.290,268.15570724211403,-30.79
14:27:54.335,268.06403399490506,-31.65
14:27:54.377,268.06403399490506,-29.72
14:27:54.432,269.3875665014844,-29.5
14:27:54.472,271.49605118729056,-31.33
14:27:54.530,274.5728345467413,-29.65
14:27:54.576,277.47200098972473,-31.64
14:27:54.614,280.1076068469824,-31.64
14:27:54.662,282.65726903498165,-32.27
14:27:54.710,282.3937084492559,-13.32
14:27:54.758,280.6347280184339,17.16
14:27:54.809,282.03847461632114,-10.98
14:27:54.854,280.8982886041597,2.85
14:27:54.901,280.98423227341806,7.58
14:27:54.948,282.5655957877727,-16.16
14:27:54.994,281.24779285914383,14.97
14:27:55.040,282.03847461632114,-17.47
14:27:55.086,281.24779285914383,20.88
14:27:55.132,279.1393081733377,-1.35
14:27:55.179,281.86658727780434,-23.16
14:27:55.225,282.834885951449,-23.16
14:27:55.270,280.7206716876923,14.62
14:27:55.318,281.5113534448696,0.86
14:27:55.364,282.1301478635301,-16.75
14:27:55.410,280.98423227341806,16.1
14:27:55.456,282.03847461632114,-19.08
14:27:55.504,281.0759055206271,12.31
14:27:55.550,280.81234493490126,-2.83
14:27:55.597,282.9208296207074,-10.44
14:27:55.643,280.98423227341806,1.89
14:27:55.690,281.7749140305954,-12.37
14:27:55.736,281.3394661063528,16.75
14:27:55.782,280.81234493490126,16.75
14:27:55.829,282.21609153278854,-22.5
14:27:55.889,279.929989930515,2.77
14:27:55.936,281.42540977561123,2.77
14:27:55.983,282.3937084492559,-19.84
14:27:56.029,281.1618491898854,5.74
14:27:56.076,281.95253094706277,-6.86
14:27:56.120,283.97507196361045,-13.7
14:27:56.168,280.81234493490126,14.06
14:27:56.215,280.02166317772395,2.79
14:27:56.260,282.3937084492559,-24.56
14:27:56.307,283.09844653717477,-3.81
14:27:56.354,280.7206716876923,16.22
14:27:56.401,281.688970361337,-19.93
14:27:56.447,282.21609153278854,-19.93
14:27:56.494,280.81234493490126,-1.88
14:27:56.540,281.42540977561123,0.45
14:27:56.580,283.18439020643314,-21.5
14:27:56.632,281.0759055206271,13.03
14:27:56.678,281.86658727780434,-10.52
14:27:56.724,282.3937084492559,-13.19
14:27:56.770,280.4571111019666,2.79
14:27:56.817,281.95253094706277,-16.8
14:27:56.863,281.86658727780434,6.69
14:27:56.910,280.8982886041597,-8.56
14:27:56.957,282.3937084492559,-23.85
14:27:57.003,281.5113534448696,16.23
14:27:57.050,279.929989930515,16.23
14:27:57.097,282.3937084492559,-18.02
14:27:57.142,280.81234493490126,-7.67
14:27:57.202,281.688970361337,-1.78
14:27:57.249,282.3937084492559,-18.84
14:27:57.296,280.98423227341806,-0.86
14:27:57.343,280.6347280184339,-1.86
14:27:57.388,282.834885951449,-19.74
14:27:57.434,281.1618491898854,3.8
14:27:57.480,281.86658727780434,-21.78
14:27:57.526,280.7206716876923,6.6
14:27:57.572,280.7206716876923,-8.39
14:27:57.619,282.1301478635301,-26.02
14:27:57.664,282.1301478635301,12.31
14:27:57.711,279.31692508980507,-8.58
14:27:57.758,281.6030266920786,-8.58
14:27:57.805,281.86658727780434,-28.51
14:27:57.852,281.3394661063528,0.95
14:27:57.898,281.7749140305954,-15.75
14:27:57.944,280.7206716876923,-10.09
14:27:57.989,279.58048567553084,-0.95
14:27:58.037,281.86658727780434,-20.99
14:27:58.082,282.3937084492559,-11.31
14:27:58.129,280.8982886041597,3.44
14:27:58.174,281.42540977561123,-22.36
14:27:58.221,282.3020352020469,0.85
14:27:58.267,280.37116743270815,-14.52
14:27:58.315,281.688970361337,-14.52
14:27:58.363,281.24779285914383,-18.75
14:27:58.411,281.86658727780434,-0.95
14:27:58.458,281.6030266920786,-8.46
14:27:58.504,280.81234493490126,-5.67
14:27:58.552,281.7749140305954,-25.9
14:27:58.598,281.7749140305954,-3.37
14:27:58.644,281.0759055206271,-9.24
14:27:58.690,282.21609153278854,-27.33
14:27:58.735,281.0759055206271,10.39
14:27:58.781,280.37116743270815,-19.93
14:27:58.843,281.6030266920786,-21.78
14:27:58.875,280.81234493490126,-1.69
14:27:58.922,280.98423227341806,-25.13
14:27:58.970,282.03847461632114,-25.13
14:27:59.017,279.75810259199824,-3.74
14:27:59.063,280.2852237634497,-4.61
14:27:59.111,281.3394661063528,-21.51
14:27:59.159,283.27033387569156,-32.58
14:27:59.205,280.8982886041597,0.92
14:27:59.251,281.1618491898854,-11.01
14:27:59.298,281.86658727780434,-29.79
14:27:59.345,280.8982886041597,-2.83
14:27:59.393,279.1393081733377,-7.61
14:27:59.440,281.86658727780434,-27.67
14:27:59.486,281.86658727780434,-26.32
14:27:59.533,280.2852237634497,12.91
14:27:59.579,280.2852237634497,-17.08
14:27:59.626,280.1935505162408,-17.08
14:27:59.687,281.95253094706277,-28.76
14:27:59.732,280.8982886041597,10.25
14:27:59.778,279.05336450407935,10.25
14:27:59.826,280.7206716876923,-22.26
14:27:59.871,282.03847461632114,-28.38
14:27:59.918,280.98423227341806,-12.84
14:27:59.964,278.5262433326278,-3.68
14:28:00.012,279.929989930515,-22.34
14:28:00.057,281.1618491898854,-29.07
14:28:00.105,281.95253094706277,-19.36
14:28:00.151,280.8982886041597,-18.48
14:28:00.198,281.7749140305954,-24.5
14:28:00.246,281.688970361337,-9.42
14:28:00.291,281.3394661063528,-26.8
14:28:00.338,282.21609153278854,-17.0
14:28:00.385,280.4571111019666,-20.48
14:28:00.430,281.42540977561123,-20.48
14:28:00.476,281.3394661063528,-29.1
14:28:00.522,281.1618491898854,-12.78
14:28:00.568,281.86658727780434,-22.9
14:28:00.616,281.688970361337,-16.14
14:28:00.661,280.02166317772395,-16.22
14:28:00.710,281.5113534448696,-25.94
14:28:00.755,281.688970361337,-19.93
14:28:00.803,281.24779285914383,-19.88
14:28:00.848,280.8982886041597,-24.95
14:28:00.895,281.688970361337,-15.0
14:28:00.941,280.81234493490126,-22.34
14:28:00.989,281.5113534448696,-22.34
14:28:01.036,281.6030266920786,-28.55
14:28:01.082,281.6030266920786,-22.02
14:28:01.127,280.02166317772395,-13.93
14:28:01.174,281.688970361337,-30.72
14:28:01.221,281.6030266920786,-20.48
14:28:01.267,281.3394661063528,-21.41
14:28:01.314,281.1618491898854,-30.38
14:28:01.360,280.5487843491755,-11.12
14:28:01.420,281.42540977561123,-25.63
14:28:01.468,281.5113534448696,-30.87
14:28:01.513,280.98423227341806,-23.5
14:28:01.559,281.3394661063528,-17.95
14:28:01.606,282.03847461632114,-30.1
14:28:01.652,281.42540977561123,-25.25
14:28:01.697,281.3394661063528,-21.41
14:28:01.743,280.6347280184339,-21.41
14:28:01.791,280.4571111019666,-12.04
14:28:01.837,280.98423227341806,-29.57
14:28:01.883,281.688970361337,-30.1
14:28:01.929,281.86658727780434,-24.66
14:28:01.975,280.8982886041597,-18.13
14:28:02.021,281.3394661063528,-28.62
14:28:02.066,281.0759055206271,-24.87
14:28:02.112,281.7749140305954,-22.75
14:28:02.159,280.98423227341806,-27.67
14:28:02.205,280.98423227341806,-27.33
14:28:02.252,281.5113534448696,-22.41
14:28:02.299,280.7206716876923,-22.41
14:28:02.347,281.3394661063528,-26.84
14:28:02.393,281.1618491898854,-29.35
14:28:02.438,281.688970361337,-26.45
14:28:02.485,280.81234493490126,-29.57
14:28:02.532,281.24779285914383,-28.98
14:28:02.578,281.688970361337,-26.94
14:28:02.641,280.8982886041597,-25.45
14:28:02.676,281.0759055206271,-30.03
14:28:02.732,281.3394661063528,-23.86
14:28:02.778,281.3394661063528,-29.8
14:28:02.825,281.24779285914383,-29.86
14:28:02.871,281.0759055206271,-27.53
14:28:02.918,281.688970361337,-27.66
14:28:02.964,281.1618491898854,-30.95
14:28:03.011,281.24779285914383,-28.65
14:28:03.059,281.42540977561123,-29.28
14:28:03.105,281.3394661063528,-29.28
14:28:03.151,281.42540977561123,-26.8
14:28:03.197,281.0759055206271,-27.46
14:28:03.245,281.5113534448696,-29.57
14:28:03.290,281.42540977561123,-30.38
14:28:03.338,281.86658727780434,-28.19
14:28:03.383,280.81234493490126,-26.72
14:28:03.428,280.7206716876923,-31.02
14:28:03.474,280.5487843491755,-29.43
14:28:03.520,280.5487843491755,-31.33
14:28:03.566,280.8982886041597,-32.82
14:28:03.611,280.6347280184339,-32.82
14:28:03.657,280.6347280184339,-28.98
14:28:03.718,280.2852237634497,-31.42
14:28:03.750,280.5487843491755,-31.42
14:28:03.813,280.2852237634497,-32.35
14:28:03.859,280.02166317772395,-30.23
14:28:03.904,280.02166317772395,-30.2
14:28:03.951,279.58048567553084,-31.09
14:28:03.997,279.4028687590635,-30.53
14:28:04.042,278.87574758761195,-29.8
14:28:04.087,278.4402996633694,-30.82
14:28:04.135,277.9074489139673,-30.72
14:28:04.181,277.47200098972473,-32.74
14:28:04.227,276.8532065710642,-29.64
14:28:04.275,275.89063747537017,-31.88
14:28:04.322,275.0082824709839,-30.87
14:28:04.369,274.395217630274,-30.87
14:28:04.415,273.3409752873709,-32.43
14:28:04.460,271.75961177301633,-31.65
14:28:04.505,270.3501355971785,-30.49
14:28:04.552,268.6828284135655,-30.23
14:28:04.596,266.92384798274355,-32.19
14:28:04.643,264.7294196276791,-32.43
14:28:04.688,262.1797574396798,-31.67
14:28:04.735,258.7477402472943,-32.43
14:28:04.782,255.49906954932672,-33.39
14:28:04.829,251.71754810195708,-30.45
14:28:04.877,246.70989697316753,-30.71
14:28:04.925,241.5246289279106,-31.02
14:28:04.972,235.54867912547647,-30.45
14:28:05.018,228.0773094779461,-30.45
14:28:05.064,219.72931440398,-29.72
14:28:05.112,210.5849079948861,-31.8
14:28:05.157,198.5470647207593,-31.33
14:28:05.218,183.95382968068273,-29.15
14:28:05.264,169.89344539000822,-28.19
14:28:05.310,157.94154578513985,-28.58
14:28:05.356,146.86627160670716,-28.04
14:28:05.403,145.6344123473367,-29.56
14:28:05.449,120.2351932925038,-30.0
14:28:05.495,105.90551883815297,-30.72
14:28:05.542,91.49563029249431,-30.32
14:28:05.588,79.71561802614274,-29.79
14:28:05.635,69.08152134990318,-29.86
14:28:05.682,57.21556541429321,-29.76
14:28:05.729,46.495525068795246,-29.5
14:28:05.776,31.203281518750327,-29.5
14:28:05.823,16.873607064399508,-30.79
14:28:05.869,4.308642618821199,-30.2
14:28:05.916,-6.417127304627317,-29.85
14:28:05.962,-19.772773507382922,-4.6
14:28:06.010,-33.39770987381485,22.0
14:28:06.056,-41.65976127852252,28.82
14:28:06.101,-47.813327997424075,29.96
14:28:06.147,-53.08453971193937,29.72
14:28:06.195,-58.796928928647795,29.65
14:28:06.242,-63.71863638817893,31.64
14:28:06.287,-68.02727900700012,29.89
14:28:06.333,-72.07236104009556,29.89
14:28:06.378,-76.02576982598202,29.89
14:28:06.425,-79.8932349426101,28.62
14:28:06.471,-80.15679552833586,13.32
14:28:06.517,-77.25762908535245,-18.44
14:28:06.563,-77.08001216888509,-2.77
14:28:06.625,-79.10255318543281,24.74
14:28:06.671,-77.87069392606239,-0.91
14:28:06.717,-76.46694732817515,-11.04
14:28:06.763,-78.83899259970703,19.93
14:28:06.810,-78.92493626896544,3.82
14:28:06.856,-76.11171349524042,-6.64
14:28:06.904,-77.60713334033662,18.94
14:28:06.951,-79.01087993822384,12.7
14:28:06.996,-77.08001216888509,-14.36
14:28:07.044,-76.2033867424494,14.89
14:28:07.091,-77.69307700959502,26.78
14:28:07.137,-79.8932349426101,26.78
14:28:07.184,-77.25762908535245,6.63
14:28:07.229,-76.28933041170778,-9.49
14:28:07.278,-77.5211896710782,17.9
14:28:07.323,-77.87069392606239,26.36
14:28:07.371,-76.28933041170778,-6.86
14:28:07.418,-76.3752740809662,11.5
14:28:07.466,-78.22019818104654,27.67
14:28:07.510,-79.36611377115857,21.31
14:28:07.556,-76.90239525241772,-8.47
14:28:07.602,-76.73050791390091,20.94
14:28:07.649,-77.60713334033662,20.94
14:28:07.695,-79.62967435688432,28.48
14:28:07.742,-77.42951642386925,14.27
14:28:07.789,-76.63883466669195,4.72
14:28:07.836,-77.69307700959502,24.03
14:28:07.883,-78.92493626896544,31.09
14:28:07.929,-76.55289099743356,1.69
14:28:07.977,-76.55289099743356,19.08
14:28:08.024,-77.16595583814349,28.86
14:28:08.072,-78.74731935249808,30.94
14:28:08.120,-77.34357275461086,13.39
14:28:08.166,-78.04831084252976,28.31
14:28:08.212,-78.13425451178814,14.1
14:28:08.259,-77.60713334033662,27.73
14:28:08.306,-78.39781509751391,28.51
14:28:08.352,-77.60713334033662,28.51
14:28:08.398,-77.95663759532079,21.89
14:28:08.444,-77.87069392606239,29.89
14:28:08.491,-77.42951642386925,17.82
14:28:08.536,-77.95663759532079,25.51
14:28:08.583,-78.13425451178814,28.55
14:28:08.628,-77.69307700959502,17.3
14:28:08.675,-76.28933041170778,21.62
14:28:08.721,-76.73050791390091,30.45
14:28:08.768,-76.63883466669195,31.4
14:28:08.815,-76.73050791390091,30.87
14:28:08.860,-77.25762908535245,30.87
14:28:08.921,-77.25762908535245,30.28
14:28:08.966,-77.25762908535245,27.73
14:28:09.012,-77.5211896710782,27.73
14:28:09.059,-77.16595583814349,28.62
14:28:09.106,-76.90239525241772,31.74
14:28:09.152,-76.63883466669195,29.35
14:28:09.198,-76.28933041170778,30.38
14:28:09.244,-76.2033867424494,31.96
14:28:09.289,-75.4986486545305,31.72
14:28:09.337,-74.97152748307897,32.04
14:28:09.385,-74.18084572590168,30.61
14:28:09.431,-73.29849072151542,30.14
14:28:09.478,-72.59948221154707,31.09
14:28:09.525,-71.54523986864402,30.75
14:28:09.571,-70.31338060927361,29.17
14:28:09.617,-68.90390443343581,29.17
14:28:09.662,-67.32254091908123,31.48
14:28:09.709,-65.8328506519356,31.65
14:28:09.756,-63.89625330464628,33.16
14:28:09.802,-61.43826436385601,30.15
14:28:09.847,-58.974545845115166,28.69
14:28:09.891,-55.98370615492278,31.8
14:28:09.953,-51.76673678331054,31.67
14:28:09.998,-48.162832252408236,30.79
14:28:10.044,-44.0318065500544,31.56
14:28:10.089,-38.40536100260438,30.1
14:28:10.135,-31.203281518750327,30.75
14:28:10.182,-21.26819335247911,29.83
14:28:10.228,-4.92170745953113,28.55
14:28:10.274,11.865955935609977,12.04
14:28:10.319,37.528735576168685,12.04
14:28:10.366,59.41572334730828,-22.41
14:28:10.411,75.4127049852721,-29.29
14:28:10.457,95.09953482339662,-29.85
14:28:10.502,114.69469141431216,-28.99
14:28:10.548,133.15539157101682,-29.22
14:28:10.595,150.81968039259363,-28.58
14:28:10.641,169.53821155707348,-30.85
14:28:10.697,190.19334006884267,-28.44
14:28:10.748,212.16627150924066,-27.66
14:28:10.794,228.86799123512338,-31.09
14:28:10.841,243.98261786870094,-31.02
14:28:10.886,257.6934979043913,-32.52
14:28:10.934,271.8455554422747,-30.82
14:28:10.979,283.7115113778847,-30.82
14:28:11.025,293.554926296947,-30.1
14:28:11.072,299.88038035436534,3.82
14:28:11.118,304.1890229731865,24.29
14:28:11.164,308.4976655920077,28.91
14:28:11.210,313.41937305153886,32.5
14:28:11.256,319.395322853973,29.64
14:28:11.303,326.77501925429436,30.94
14:28:11.348,336.35487358763095,29.87
14:28:11.396,351.475229799159,31.02
14:28:11.441,364.1318674919463,27.19
14:28:11.486,394.1892334205846,-20.36
14:28:11.533,416.6033423631758,-28.06
14:28:11.579,434.9723692726715,-28.06
14:28:11.627,453.0778355964414,-30.77
14:28:11.674,470.03738633009925,-30.97
14:28:11.719,488.8475907417881,-31.72
14:28:11.766,506.9530570655581,-31.96
14:28:11.827,528.1353067487788,-31.8
14:28:11.872,545.5360349846297,-31.72
14:28:11.919,562.764875881964,-31.25
14:28:11.966,578.9337448584447,-33.31
14:28:12.012,592.9998587270696,-29.57
14:28:12.060,606.71073876276,-31.56
14:28:12.107,617.3448354389996,-31.56
14:28:12.154,628.8555575416748,-30.45
14:28:12.201,638.5270851222202,-31.33
14:28:12.246,647.1386407819122,-17.51
14:28:12.291,650.564928396347,15.8
14:28:12.337,649.7742466391697,15.8
14:28:12.385,645.4713335982991,30.83
14:28:12.432,640.7215134772848,30.94
14:28:12.478,637.1176089463825,21.31
14:28:12.525,636.8540483606567,-10.24
14:28:12.571,633.2501438297545,-26.71
14:28:12.617,625.3433262579815,-31.64
14:28:12.663,617.1672185225322,-33.31
14:28:12.708,608.6416065320988,-29.57
14:28:12.754,598.7981916130366,-30.53
14:28:12.801,586.496787753184,-31.72
14:28:12.849,572.0811696295748,-31.17
14:28:12.894,557.0524866652556,-31.17
14:28:12.940,541.8461867844692,-30.72
14:28:12.985,527.3446249916016,-33.35
14:28:13.032,513.2785111229764,-32.74
14:28:13.092,495.26471804641545,-30.61
14:28:13.139,479.7948575799032,-32.74
14:28:13.186,462.92125051550363,-34.78
14:28:13.231,448.68324930836184,-32.42
14:28:13.278,436.1125552848329,-33.13
14:28:13.324,422.22405833267527,-31.57
14:28:13.370,408.3412909584681,-32.79
14:28:13.416,390.0582077182308,-32.9
14:28:13.461,388.03566670168306,-32.51
14:28:13.507,349.5386324518697,-22.12
14:28:13.552,329.15279410377684,10.76
14:28:13.597,314.3819421472329,10.76
14:28:13.643,301.8169777016546,27.94
14:28:13.689,289.3379569253347,30.51
14:28:13.735,276.5896459853385,31.48
14:28:13.797,264.6377463804701,7.61
14:28:13.828,262.87876594964814,-23.01
14:28:13.876,263.583504037567,-28.48
14:28:13.936,265.86960563984053,-31.34
14:28:13.982,267.45096915419515,-30.49
14:28:14.028,267.8004734091793,-29.65
14:28:14.073,267.89214665638826,-31.33
14:28:14.118,268.15570724211403,-30.94
14:28:14.164,268.06403399490506,-30.1
14:28:14.210,267.3650254849368,-31.96
14:28:14.256,265.16486755192165,-31.96
14:28:14.303,264.1106252090186,-31.09
14:28:14.349,262.61520536392237,-29.43
14:28:14.397,261.21145876603515,-31.56
14:28:14.443,259.3665346659548,-29.28
14:28:14.491,259.9795995066647,-29.43
14:28:14.536,262.00214052321246,-31.65
14:28:14.582,265.52010138485633,-30.72
14:28:14.628,269.55945384000125,-32.6
14:28:14.674,271.9314991115331,-29.5
14:28:14.719,274.5728345467413,-28.69
14:28:14.780,278.4402996633694,-30.53
14:28:14.826,280.37116743270815,-33.31
14:28:14.872,281.688970361337,-30.75
14:28:14.919,281.5113534448696,-9.56
14:28:14.966,281.95253094706277,-23.73
14:28:15.013,282.3020352020469,-23.73
14:28:15.060,279.75810259199824,14.65
14:28:15.107,281.86658727780434,-12.84
14:28:15.153,281.3394661063528,-4.21
14:28:15.199,282.21609153278854,-3.76
14:28:15.246,282.1301478635301,-0.94
14:28:15.292,279.929989930515,-2.55
14:28:15.338,279.66642934478926,-3.29
14:28:15.385,281.7749140305954,-8.4
14:28:15.431,281.5113534448696,12.31
14:28:15.477,281.6030266920786,-18.53
14:28:15.524,282.3937084492559,0.85
14:28:15.572,281.42540977561123,-1.71
14:28:15.619,282.74321270424,-1.71
14:28:15.666,283.09844653717477,-6.01
14:28:15.713,279.929989930515,11.03
14:28:15.760,282.4796521185143,-18.08
14:28:15.805,282.3020352020469,-4.69
14:28:15.850,281.1618491898854,14.66
14:28:15.896,282.4796521185143,-25.5
14:28:15.943,282.03847461632114,1.84
14:28:15.989,280.37116743270815,14.06
14:28:16.036,281.5113534448696,-18.98
14:28:16.083,283.09844653717477,-1.72
14:28:16.130,280.98423227341806,7.04
14:28:16.177,281.688970361337,-11.93
14:28:16.223,281.6030266920786,-11.93
14:28:16.269,281.1618491898854,8.56
14:28:16.315,282.3937084492559,-16.8
14:28:16.360,280.98423227341806,6.69
14:28:16.408,281.24779285914383,-2.86
14:28:16.455,282.65726903498165,-11.53
14:28:16.503,280.1935505162408,7.65
14:28:16.549,281.6030266920786,-22.84
14:28:16.597,280.81234493490126,14.47
14:28:16.643,281.42540977561123,-17.82
14:28:16.690,282.65726903498165,-9.42
14:28:16.735,280.8982886041597,0.85
14:28:16.796,282.3020352020469,-25.68
14:28:16.841,282.03847461632114,4.76
14:28:16.887,280.4571111019666,-5.1
14:28:16.933,281.6030266920786,-5.1
14:28:16.981,281.6030266920786,-20.99
14:28:17.026,280.37116743270815,2.83
14:28:17.073,281.95253094706277,-10.47
14:28:17.118,281.7749140305954,-16.37
14:28:17.164,280.2852237634497,3.37
14:28:17.211,282.3937084492559,-22.23
14:28:17.257,281.688970361337,-2.85
14:28:17.302,280.7206716876923,-16.02
14:28:17.348,281.86658727780434,-14.58
14:28:17.394,280.1935505162408,-7.61
14:28:17.441,282.1301478635301,-7.61
14:28:17.485,281.1618491898854,-20.94
14:28:17.547,282.3020352020469,-21.94
14:28:17.591,280.8982886041597,-21.94
14:28:17.637,281.86658727780434,-0.85
14:28:17.683,282.21609153278854,-24.68
14:28:17.730,280.81234493490126,10.44
14:28:17.777,282.9208296207074,-18.13
14:28:17.823,280.98423227341806,6.66
14:28:17.870,282.3020352020469,-1.42
14:28:17.916,283.0067732899658,0.23
14:28:17.964,280.6347280184339,2.85
14:28:18.009,282.3937084492559,-13.93
14:28:18.056,280.5487843491755,4.71
14:28:18.102,281.95253094706277,-21.04
14:28:18.149,280.7206716876923,2.86
14:28:18.195,281.0759055206271,2.86
14:28:18.240,281.5113534448696,-23.07
14:28:18.286,280.7206716876923,-7.61
14:28:18.332,281.7749140305954,-21.89
14:28:18.378,280.5487843491755,-14.2
14:28:18.437,281.688970361337,-24.77
14:28:18.484,280.6347280184339,-23.5
14:28:18.531,280.98423227341806,-28.86
14:28:18.576,280.81234493490126,-31.33
14:28:18.624,280.5487843491755,-30.35
14:28:18.669,280.81234493490126,-33.06
14:28:18.715,280.7206716876923,-30.72
14:28:18.761,280.8982886041597,-28.93
14:28:18.806,280.81234493490126,-28.93
14:28:18.853,280.8982886041597,-28.93
14:28:18.898,280.98423227341806,-30.15
14:28:18.944,280.8982886041597,-31.88
14:28:18.989,280.81234493490126,-31.4
14:28:19.036,280.7206716876923,-30.38
14:28:19.081,280.81234493490126,-29.5
14:28:19.126,280.98423227341806,-30.82
14:28:19.173,281.24779285914383,-29.79
14:28:19.220,281.5113534448696,-25.32
14:28:19.268,281.95253094706277,-16.92
14:28:19.314,281.6030266920786,-16.92
14:28:19.361,281.6030266920786,-1.9
14:28:19.409,281.6030266920786,4.27
14:28:19.454,281.6030266920786,5.61
14:28:19.502,281.5113534448696,-0.94
14:28:19.547,281.3394661063528,9.17
14:28:19.594,282.5655957877727,-14.38
14:28:19.656,281.688970361337,6.02
14:28:19.702,282.3937084492559,-15.67
14:28:19.748,280.7206716876923,10.09
14:28:19.795,282.65726903498165,-10.34
14:28:19.842,280.5487843491755,8.56
14:28:19.888,282.5655957877727,-18.13
14:28:19.936,280.5487843491755,10.34
14:28:19.982,282.9208296207074,-15.41
14:28:20.027,281.0759055206271,11.42
14:28:20.072,281.95253094706277,11.42
14:28:20.118,281.0759055206271,-15.46
14:28:20.165,282.21609153278854,12.81
14:28:20.211,281.3394661063528,-12.43
14:28:20.258,280.7206716876923,10.25
14:28:20.304,281.3394661063528,-15.94
14:28:20.352,280.4571111019666,-0.94
14:28:20.398,281.6030266920786,-24.88
14:28:20.444,281.0759055206271,-6.63
14:28:20.491,283.0067732899658,-12.07
14:28:20.535,280.4571111019666,0.95
14:28:20.582,282.4796521185143,-11.45
14:28:20.627,280.98423227341806,10.32
14:28:20.674,282.3937084492559,-15.23
14:28:20.721,281.42540977561123,-15.23
14:28:20.767,281.86658727780434,11.36
14:28:20.812,282.74321270424,-19.99
14:28:20.874,281.688970361337,18.87
14:28:20.921,283.27033387569156,-9.33
14:28:20.969,283.62556770862625,12.16
14:28:21.000,284.76575372078776,27.72
14:28:21.061,288.71916250667425,30.75
14:28:21.106,292.67830087051124,30.64
14:28:21.155,295.92697156847885,31.02
14:28:21.202,300.5851184422842,31.89
14:28:21.249,304.63020047537964,28.93
14:28:21.296,308.32004867554036,31.96
14:28:21.343,311.3108883657327,31.64
14:28:21.390,313.5053167207973,32.6
14:28:21.436,314.03243789224877,30.6
14:28:21.482,313.0641392186041,31.23
14:28:21.528,310.6061502778138,28.55
14:28:21.576,307.3517500018957,28.55
14:28:21.624,303.22072429954187,32.67
14:28:21.670,299.00375492792966,31.56
14:28:21.715,294.60916863985,32.68
14:28:21.761,290.47814293749616,30.53
14:28:21.807,285.9976129801582,30.82
14:28:21.853,282.03847461632114,33.81
14:28:21.899,279.58048567553084,14.27
14:28:21.946,281.42540977561123,-14.27
14:28:21.992,282.834885951449,-2.85
14:28:22.037,281.3394661063528,10.21
14:28:22.083,282.1301478635301,-16.18
14:28:22.128,281.86658727780434,-16.18
14:28:22.176,280.1076068469824,23.67
14:28:22.222,282.03847461632114,-14.82
14:28:22.268,281.0759055206271,7.73
14:28:22.327,281.95253094706277,1.72
14:28:22.375,281.688970361337,-8.36
14:28:22.421,280.1935505162408,19.03
14:28:22.467,282.4796521185143,-17.29
14:28:22.514,281.688970361337,13.42
14:28:22.559,282.3937084492559,-4.72
14:28:22.605,282.1301478635301,-1.91
14:28:22.651,281.0759055206271,5.54
14:28:22.697,282.3937084492559,-7.67
14:28:22.743,281.7749140305954,17.16
14:28:22.789,280.98423227341806,-8.54
14:28:22.834,282.4796521185143,-8.54
14:28:22.880,282.1301478635301,-3.42
14:28:22.927,280.1935505162408,22.9
14:28:22.974,282.4796521185143,-15.48
14:28:23.020,281.6030266920786,2.86
14:28:23.067,281.86658727780434,9.29
14:28:23.113,282.4796521185143,0.9
14:28:23.159,281.1618491898854,5.68
14:28:23.205,282.5655957877727,-15.11
14:28:23.250,281.688970361337,19.91
14:28:23.297,281.688970361337,-7.43
14:28:23.358,281.688970361337,2.87
14:28:23.392,281.1618491898854,2.87
14:28:23.452,282.834885951449,-8.22
14:28:23.498,281.1618491898854,8.58
14:28:23.543,281.42540977561123,8.58
14:28:23.589,281.42540977561123,3.42
14:28:23.634,280.8982886041597,-2.82
14:28:23.679,280.81234493490126,-1.37
14:28:23.723,282.5655957877727,-2.82
14:28:23.770,281.42540977561123,20.94
14:28:23.815,282.74321270424,-18.57
14:28:23.863,282.9208296207074,6.66
14:28:23.907,280.81234493490126,2.57
14:28:23.967,282.5655957877727,-0.86
14:28:24.013,280.4571111019666,21.94
14:28:24.059,281.0759055206271,-9.47
14:28:24.106,282.74321270424,-16.14
14:28:24.153,282.9208296207074,17.99
14:28:24.199,280.37116743270815,17.99
14:28:24.243,281.24779285914383,10.42
14:28:24.289,282.5655957877727,-17.98
14:28:24.337,281.7749140305954,9.26
14:28:24.384,280.1076068469824,13.16
14:28:24.429,282.1301478635301,-16.22
14:28:24.475,281.1618491898854,21.17
14:28:24.520,282.03847461632114,-8.54
14:28:24.566,282.3020352020469,0.94
14:28:24.612,280.98423227341806,-1.89
14:28:24.657,282.5655957877727,-1.89
14:28:24.703,281.7749140305954,-1.91
14:28:24.751,281.0759055206271,18.94
14:28:24.812,282.5655957877727,4.69
14:28:24.860,279.1393081733377,4.69
14:28:24.891,277.2943840732574,0.95
14:28:24.954,274.1316570445482,-24.38
14:28:24.999,271.05487368509745,-28.44
14:28:25.046,270.6136961829043,-30.53
14:28:25.093,261.8245236067451,-32.52
14:28:25.138,257.08043306368137,-28.69
14:28:25.183,252.2446692734086,-31.4
14:28:25.231,248.20531681826373,-33.31
14:28:25.275,244.07429111590992,-29.35
14:28:25.321,241.34701201144327,-31.49
14:28:25.366,239.94326541355608,-31.49
14:28:25.415,240.556330254266,-30.64
14:28:25.462,243.98261786870094,-33.19
14:28:25.509,248.46887740398947,-32.53
14:28:25.557,254.6167145449405,-32.52
14:28:25.603,259.27486141874584,-31.56
14:28:25.649,265.25654079913056,-32.9
14:28:25.695,269.3875665014844,-28.69
14:28:25.743,273.9540401280808,-30.16
14:28:25.788,278.34862641616047,-30.75
14:28:25.835,281.95253094706277,-33.39
14:28:25.882,284.1526888800778,-5.18
14:28:25.927,281.6030266920786,23.22
14:28:25.972,280.1935505162408,-3.82
14:28:26.019,282.9208296207074,-3.82
14:28:26.066,283.4479507921589,-25.57
14:28:26.112,281.42540977561123,11.48
14:28:26.160,280.2852237634497,11.14
14:28:26.207,282.9208296207074,-18.83
14:28:26.254,282.65726903498165,-1.7
14:28:26.301,280.7206716876923,23.97
14:28:26.347,281.7749140305954,-13.96
14:28:26.393,282.9208296207074,-1.72
14:28:26.439,280.98423227341806,5.72
14:28:26.485,282.3020352020469,-10.39
14:28:26.532,281.24779285914383,13.7
14:28:26.596,282.74321270424,-22.05
14:28:26.656,281.688970361337,8.66
14:28:26.701,281.1618491898854,7.72
14:28:26.747,283.0067732899658,-18.13
14:28:26.792,282.74321270424,5.77
14:28:26.839,280.8982886041597,10.44
14:28:26.886,281.6030266920786,-13.96
14:28:26.931,282.1301478635301,-13.96
14:28:26.978,280.37116743270815,12.97
14:28:27.024,281.95253094706277,-4.59
14:28:27.070,281.5113534448696,-5.18
14:28:27.117,280.81234493490126,6.03
14:28:27.163,282.65726903498165,-18.26
14:28:27.211,281.0759055206271,19.6
14:28:27.256,281.95253094706277,-10.34
14:28:27.303,281.95253094706277,-3.43
14:28:27.350,280.8982886041597,0.94
14:28:27.397,282.65726903498165,-10.39
14:28:27.443,281.6030266920786,18.57
14:28:27.490,281.0759055206271,-10.39
14:28:27.535,281.95253094706277,-10.39
14:28:27.582,281.95253094706277,-11.09
14:28:27.630,281.1618491898854,17.09
14:28:27.675,283.62556770862625,-18.22
14:28:27.721,282.5655957877727,-2.89
14:28:27.768,280.5487843491755,25.85
14:28:27.814,281.24779285914383,-5.56
14:28:27.861,283.0067732899658,-13.46
14:28:27.907,281.42540977561123,17.13
14:28:27.969,281.95253094706277,-2.85
14:28:28.011,282.03847461632114,-7.63
14:28:28.051,281.0759055206271,6.69
14:28:28.109,282.3020352020469,-10.27
14:28:28.157,280.5487843491755,24.87
14:28:28.219,281.95253094706277,-14.24
14:28:28.259,282.3937084492559,-1.91
14:28:28.310,281.3394661063528,2.84
14:28:28.359,282.3020352020469,-4.29
14:28:28.404,280.37116743270815,20.41
14:28:28.450,280.98423227341806,-13.93
14:28:28.497,282.3937084492559,-13.93
14:28:28.545,281.6030266920786,-4.64
14:28:28.590,279.1393081733377,23.29
14:28:28.636,282.3937084492559,-11.42
14:28:28.682,282.03847461632114,-11.15
14:28:28.727,281.0759055206271,17.98
14:28:28.772,282.1301478635301,-12.88
14:28:28.820,283.62556770862625,-3.43
14:28:28.868,281.0759055206271,16.37
14:28:28.914,281.86658727780434,-12.13
14:28:28.958,281.6030266920786,13.2
14:28:29.004,281.5113534448696,-10.11
14:28:29.051,282.21609153278854,1.91
14:28:29.096,281.688970361337,1.91
14:28:29.142,282.834885951449,4.28
14:28:29.203,281.3394661063528,17.99
14:28:29.235,280.2852237634497,17.99
14:28:29.297,282.3937084492559,-13.67
14:28:29.329,281.5113534448696,12.31
14:28:29.376,282.4796521185143,-3.74
14:28:29.437,281.688970361337,-3.82
14:28:29.482,281.86658727780434,-13.78
14:28:29.528,281.3394661063528,17.86
14:28:29.574,282.03847461632114,-5.49
14:28:29.620,283.4479507921589,-2.6
14:28:29.667,281.3394661063528,10.32
14:28:29.713,282.1301478635301,-11.18
14:28:29.760,281.42540977561123,22.05
14:28:29.807,280.1076068469824,22.05
14:28:29.852,282.03847461632114,-13.13
14:28:29.898,280.8982886041597,0.93
14:28:29.944,281.6030266920786,2.85
14:28:29.992,282.65726903498165,-1.86
14:28:30.038,281.1618491898854,9.54
14:28:30.085,281.95253094706277,-20.54
14:28:30.133,280.7206716876923,22.0
14:28:30.180,281.24779285914383,-6.63
14:28:30.228,283.09844653717477,-12.16
14:28:30.276,281.688970361337,17.66
14:28:30.321,280.98423227341806,-10.25
14:28:30.369,282.4796521185143,-10.25
14:28:30.415,280.7206716876923,-0.32
14:28:30.460,279.58048567553084,12.34
14:28:30.505,279.31692508980507,-18.04
14:28:30.550,275.5354036424354,-27.92
14:28:30.597,271.1408173543559,-30.53
14:28:30.643,266.1331662255663,-31.33
14:28:30.688,261.56096302101935,-31.49
14:28:30.737,256.11213439003666,-31.4
14:28:30.783,251.89516501842442,-28.27
14:28:30.830,248.64076474250626,-31.42
14:28:30.876,245.5639813830555,-30.15
14:28:30.937,243.02004877300683,-30.38
14:28:30.982,242.5788712708137,-29.35
14:28:31.028,244.50973904015245,-29.65
14:28:31.064,246.9734575588933,-29.65
14:28:31.121,252.9494073613275,-31.16
14:28:31.167,258.5758529087775,-29.72
14:28:31.213,263.2339997825829,-31.4
14:28:31.260,267.8004734091793,-29.35
14:28:31.306,271.581994856549,-30.15
14:28:31.353,274.8363951324671,-31.89
14:28:31.400,279.1393081733377,-30.89
14:28:31.448,282.4796521185143,-30.57
14:28:31.495,282.834885951449,0.95
14:28:31.540,280.6347280184339,16.14
14:28:31.587,281.5113534448696,-19.41
14:28:31.632,282.834885951449,-4.75
14:28:31.678,281.3394661063528,-4.75
14:28:31.723,281.42540977561123,6.02
14:28:31.768,282.5655957877727,-21.73
14:28:31.814,280.5487843491755,15.38
14:28:31.875,281.42540977561123,-9.52
14:28:31.921,282.3937084492559,-24.38
14:28:31.968,280.7206716876923,15.48
14:28:32.003,280.1076068469824,-7.52
14:28:32.061,281.688970361337,-22.18
14:28:32.107,280.2852237634497,-4.19
14:28:32.152,282.03847461632114,-26.19
14:28:32.200,283.0067732899658,2.77
14:28:32.244,283.36200712290054,24.15
14:28:32.292,286.26117356588395,27.53
14:28:32.338,289.6015175110605,27.53
14:28:32.385,294.78678555631734,27.73
14:28:32.430,299.181371844397,29.57
14:28:32.476,303.3983412160092,29.35
14:28:32.522,306.29750765899263,31.7
14:28:32.570,309.1107304327176,29.76
14:28:32.616,310.8697108635396,30.72
14:28:32.662,311.74633628997526,33.31
14:28:32.707,311.3108883657327,32.76
14:28:32.752,309.9930854371039,31.56
14:28:32.799,307.2658063326373,31.48
14:28:32.845,303.9254623874607,31.6
14:28:32.892,300.4991747730258,31.96
14:28:32.939,297.07288715859085,31.96
14:28:32.986,294.3456080541242,30.68
14:28:33.047,290.3005260210288,29.72
14:28:33.078,288.54727516815746,29.72
14:28:33.126,286.3471172351423,29.65
14:28:33.172,284.0610156328689,30.23
14:28:33.220,281.688970361337,28.5
14:28:33.266,281.3394661063528,18.98
14:28:33.327,282.834885951449,-0.95
14:28:33.373,279.2309814205467,20.08
14:28:33.420,280.6347280184339,-12.87
14:28:33.465,280.1076068469824,-26.13
14:28:33.501,278.7898039183536,-30.94
14:28:33.557,277.0308234875316,-30.89
14:28:33.597,276.1541980610959,-31.09
14:28:33.650,274.04571337528984,-31.09
14:28:33.694,273.3409752873709,-32.22
14:28:33.739,270.6136961829043,-30.49
14:28:33.786,269.0323326685497,-31.72
14:28:33.829,265.60604505411476,-32.68
14:28:33.877,262.70687861113134,-30.6
14:28:33.924,259.63009525168053,-31.33
14:28:33.984,254.70838779214947,-30.89
14:28:34.046,250.5773620897956,-29.72
14:28:34.081,249.34550283042518,-30.55
14:28:34.140,250.1361845876025,-30.82
14:28:34.175,253.12702427779487,-31.89
14:28:34.233,261.7385799374867,-32.6
14:28:34.279,268.32759458063083,-31.4
14:28:34.324,274.1316570445482,-31.72
14:28:34.370,280.6347280184339,-32.04
14:28:34.417,285.6423791472235,-16.3
14:28:34.465,286.96018207585223,15.9
14:28:34.511,285.81999606369084,28.93
14:28:34.557,284.0610156328689,28.76
14:28:34.602,282.1301478635301,28.76
14:28:34.647,281.42540977561123,32.27
14:28:34.693,282.1301478635301,13.39
14:28:34.739,282.3020352020469,17.21
14:28:34.785,281.688970361337,25.63
14:28:34.833,283.18439020643314,1.91
14:28:34.878,281.688970361337,26.71
14:28:34.924,281.7749140305954,18.8
14:28:34.970,282.03847461632114,15.94
14:28:35.017,282.21609153278854,21.59
14:28:35.065,281.0759055206271,23.27
14:28:35.111,282.1301478635301,23.27
14:28:35.156,281.86658727780434,13.19
14:28:35.203,282.3020352020469,21.83
14:28:35.264,281.5113534448696,19.78
14:28:35.311,282.3020352020469,19.78
14:28:35.356,281.86658727780434,13.22
14:28:35.403,282.21609153278854,19.82
14:28:35.449,282.5655957877727,25.16
14:28:35.494,282.21609153278854,14.49
14:28:35.541,281.3394661063528,6.71
14:28:35.586,282.4796521185143,23.91
14:28:35.632,282.03847461632114,29.1
14:28:35.678,282.834885951449,-2.56
14:28:35.726,281.5113534448696,7.67
14:28:35.773,280.6347280184339,1.85
14:28:35.819,281.0759055206271,-16.93
14:28:35.863,281.688970361337,-16.93
14:28:35.908,280.02166317772395,-11.96
14:28:35.954,281.7749140305954,-13.22
14:28:36.001,282.1301478635301,-13.13
14:28:36.048,281.688970361337,-6.83
14:28:36.095,280.2852237634497,-21.46
14:28:36.142,281.6030266920786,-16.63
14:28:36.203,281.7749140305954,3.41
14:28:36.238,282.1301478635301,-20.38
14:28:36.297,280.37116743270815,-21.46
14:28:36.329,281.24779285914383,-17.99
14:28:36.387,281.5113534448696,-7.59
14:28:36.434,281.24779285914383,-11.08
14:28:36.480,282.03847461632114,-33.69
14:28:36.526,282.4796521185143,-8.58
14:28:36.572,280.5487843491755,-8.58
14:28:36.617,281.42540977561123,-9.26
14:28:36.662,280.6347280184339,-12.28
14:28:36.709,281.3394661063528,-15.34
14:28:36.756,281.86658727780434,-8.48
14:28:36.803,282.03847461632114,12.84
14:28:36.847,282.1301478635301,-14.46
14:28:36.896,281.42540977561123,-21.21
14:28:36.944,280.1935505162408,7.58
14:28:36.990,280.02166317772395,-0.95
14:28:37.036,280.81234493490126,-25.76
14:28:37.082,281.688970361337,-30.53
14:28:37.129,280.8982886041597,-30.53
14:28:37.175,280.7206716876923,-23.01
14:28:37.220,281.24779285914383,-26.06
14:28:37.268,281.7749140305954,-30.53
14:28:37.314,281.3394661063528,-10.49
14:28:37.360,281.688970361337,-8.52
14:28:37.422,282.9208296207074,-10.24
14:28:37.454,281.86658727780434,14.62
14:28:37.501,282.21609153278854,-4.13
14:28:37.562,282.3020352020469,17.62
14:28:37.610,280.98423227341806,21.4
14:28:37.670,279.75810259199824,-13.83
14:28:37.716,278.5262433326278,-28.48
14:28:37.763,275.7989642281612,-31.48
14:28:37.810,272.2867329444678,-31.56
14:28:37.856,268.85471575208237,-31.4
14:28:37.903,265.342484468389,-30.87
14:28:37.949,261.56096302101935,-32.5
14:28:37.995,257.8711148208586,-30.95
14:28:38.041,254.08959337348898,-30.95
14:28:38.086,249.78668033261835,-30.79
14:28:38.132,244.50973904015245,-30.72
14:28:38.178,239.32447099489553,-32.12
14:28:38.225,233.08496060673562,-31.09
14:28:38.271,225.96882479213997,-31.33
14:28:38.320,217.7067733874323,-31.02
14:28:38.366,207.50812463543534,-30.89
14:28:38.412,195.3786081140996,-30.68
14:28:38.457,184.39500718287584,-27.13
14:28:38.504,172.44310757800747,-28.93
14:28:38.550,160.39953472593012,-30.87
14:28:38.595,149.851381718949,-30.87
14:28:38.641,138.07709903054794,-29.07
14:28:38.703,129.28792645438875,-29.79
14:28:38.748,127.08776852137369,-29.79
14:28:38.782,126.73826426638952,-30.49
14:28:38.840,126.56064734992214,-29.7
14:28:38.886,124.10265840913186,-29.85
14:28:38.932,124.10265840913186,-28.93
14:28:38.978,121.46705255187422,-28.66
14:28:39.016,121.81655680685839,-30.79
14:28:39.070,118.56215653094026,-30.15
14:28:39.115,118.29859594521449,-28.47
14:28:39.160,116.54534509234308,-29.86
14:28:39.206,114.87230833077953,-30.94
14:28:39.251,113.55450540215071,-30.34
14:28:39.298,112.05908555705452,-30.34
14:28:39.344,111.00484321415148,-29.64
14:28:39.392,109.50942336905527,-29.79
14:28:39.438,109.0739754448127,-30.35
14:28:39.485,107.40093868324917,-28.13
14:28:39.545,106.43836958755504,-29.57
14:28:39.582,106.08313575462033,-29.5
14:28:39.639,105.4700709139104,-30.79
14:28:39.685,105.55601458316882,-29.86
14:28:39.722,105.4700709139104,-29.5
14:28:39.776,105.64195825242722,-29.57
14:28:39.821,106.2607526710877,-29.86
14:28:39.866,106.96549075900658,-28.78
14:28:39.912,107.57855559971651,-27.06
14:28:39.957,108.10567677116806,-28.17
14:28:40.002,109.1599191140711,-28.17
14:28:40.048,110.39177837344154,-29.56
14:28:40.095,111.3600770470862,-29.71
14:28:40.143,111.88719821853773,-27.19
14:28:40.188,116.28178450661733,-29.96
14:28:40.237,120.84825813321373,-30.2
14:28:40.283,125.68402192348645,-30.54
14:28:40.329,130.95523363800174,-30.0
14:28:40.377,137.72186519761325,-29.86
14:28:40.425,144.40255308796634,-31.96
14:28:40.469,153.63290316631864,-31.72
14:28:40.531,164.88006468326813,-28.06
14:28:40.577,176.39651636389397,-29.31
14:28:40.624,188.61197655448808,-29.0
14:28:40.669,200.1284282351139,-27.86
14:28:40.715,210.9401418278208,-30.53
14:28:40.760,219.99287498970574,-31.38
14:28:40.805,228.34087006367184,-28.48
14:28:40.852,236.33936088265378,-28.48
14:28:40.900,242.6648149400721,-31.33
14:28:40.946,247.7641393160706,-30.79
14:28:40.993,252.77179044486013,-29.43
14:28:41.038,256.46736822297146,-31.4
14:28:41.085,259.9795995066647,-31.48
14:28:41.131,265.16486755192165,-32.12
14:28:41.177,272.0231723587421,-29.82
14:28:41.222,278.61218700188624,-30.57
14:28:41.269,285.47049180870664,-19.03
14:28:41.315,288.6332188374158,11.23
14:28:41.360,289.16034000886737,26.8
14:28:41.421,288.2837145824317,33.39
14:28:41.468,287.4930328252543,31.31
14:28:41.514,287.315415908787,29.72
14:28:41.561,287.0518553230612,29.72
14:28:41.606,287.0518553230612,29.57
14:28:41.651,286.6106778208681,30.68
14:28:41.697,286.3471172351423,29.8
14:28:41.745,286.5247341516097,29.65
14:28:41.792,286.5247341516097,31.23
14:28:41.838,286.3471172351423,29.72
14:28:41.885,286.6966214901265,29.65
14:28:41.932,286.87423840659386,32.12
14:28:41.979,287.4930328252543,29.63
14:28:42.026,287.66492016377117,32.04
14:28:42.071,288.19204133522265,31.8
14:28:42.117,288.8967794231416,31.4
14:28:42.165,289.6874611803189,31.4
14:28:42.209,290.6557598539635,30.83
14:28:42.257,291.6183289496576,29.28
14:28:42.302,292.76424453976966,30.6
14:28:42.349,293.9044305519311,30.09
14:28:42.396,295.3998503970273,32.31
14:28:42.443,297.3364477443166,31.23
14:28:42.490,299.3532591829138,28.69
14:28:42.535,301.63936078518725,29.87
14:28:42.581,304.1890229731865,30.68
14:28:42.627,306.73868516118574,31.81
14:28:42.673,308.5836092612661,31.89
14:28:42.719,310.69209394707224,31.89
14:28:42.781,313.41937305153886,28.83
14:28:42.829,315.08668023515185,31.81
14:28:42.876,315.8773619923291,32.84
14:28:42.937,314.823119649426,29.5
14:28:42.983,312.71463496362,31.02
14:28:43.020,311.3968320349911,31.02
14:28:43.076,307.4434232491046,32.93
14:28:43.121,304.8937610611054,32.93
14:28:43.166,301.902921370913,32.6
14:28:43.212,299.181371844397,31.96
14:28:43.259,296.8952702421235,32.19
14:28:43.305,295.05034614204317,32.84
14:28:43.353,293.2913657112212,31.53
14:28:43.399,291.9735627825924,29.5
14:28:43.446,290.3921992682378,29.28
14:28:43.492,289.16034000886737,31.8
14:28:43.538,288.36965825169005,31.02
14:28:43.585,287.4013595780454,31.48
14:28:43.632,286.43306090440075,31.96
14:28:43.677,284.6798100515294,31.96
14:28:43.722,283.62556770862625,29.95
14:28:43.770,281.86658727780434,32.43
14:28:43.817,281.7749140305954,28.13
14:28:43.864,281.688970361337,16.36
14:28:43.910,281.95253094706277,25.13
14:28:43.955,282.03847461632114,20.88
14:28:44.002,281.688970361337,21.5
14:28:44.048,281.0759055206271,23.11
14:28:44.095,282.5655957877727,18.22
14:28:44.143,282.03847461632114,26.06
14:28:44.191,282.21609153278854,12.25
14:28:44.236,282.5655957877727,12.25
14:28:44.282,281.24779285914383,26.96
14:28:44.329,282.3020352020469,22.16
14:28:44.389,282.1301478635301,32.43
14:28:44.436,281.24779285914383,21.78
14:28:44.481,282.3020352020469,21.78
14:28:44.529,282.03847461632114,17.94
14:28:44.565,281.7749140305954,26.78
14:28:44.622,282.4796521185143,22.31
14:28:44.670,281.5113534448696,24.71
14:28:44.705,282.1301478635301,13.22
14:28:44.763,281.688970361337,22.0
14:28:44.809,282.4796521185143,28.2
14:28:44.855,282.3937084492559,15.82
14:28:44.902,282.3020352020469,21.62
14:28:44.948,281.42540977561123,27.73
14:28:44.994,282.21609153278854,24.2
14:28:45.032,281.0759055206271,24.2
14:28:45.087,282.9208296207074,16.26
14:28:45.133,282.3937084492559,20.68
14:28:45.178,281.5113534448696,30.6
14:28:45.226,281.6030266920786,14.27
14:28:45.273,281.95253094706277,21.35
14:28:45.320,282.4796521185143,26.6
14:28:45.367,282.3937084492559,16.59
14:28:45.415,282.74321270424,9.38
14:28:45.460,281.6030266920786,34.43
14:28:45.506,281.7749140305954,23.67
14:28:45.552,282.1301478635301,4.7
14:28:45.598,282.9208296207074,4.7
14:28:45.643,281.688970361337,31.33
14:28:45.689,282.65726903498165,22.9
14:28:45.736,281.5113534448696,20.78
14:28:45.782,282.03847461632114,17.99
14:28:45.828,282.21609153278854,25.82
14:28:45.876,282.21609153278854,28.34
14:28:45.924,281.5113534448696,11.03
14:28:45.970,282.834885951449,24.03
14:28:46.031,281.688970361337,29.43
14:28:46.064,281.688970361337,13.73
14:28:46.123,281.1618491898854,27.33
14:28:46.170,281.688970361337,21.45
14:28:46.216,282.3937084492559,19.88
14:28:46.262,282.03847461632114,22.9
14:28:46.307,282.03847461632114,22.9
14:28:46.353,282.21609153278854,21.78
14:28:46.399,283.0067732899658,20.03
14:28:46.445,281.3394661063528,27.6
14:28:46.492,282.21609153278854,18.04
14:28:46.537,282.03847461632114,31.23
14:28:46.584,282.5655957877727,17.98
14:28:46.631,282.834885951449,19.93
14:28:46.675,281.5113534448696,28.48
14:28:46.722,282.1301478635301,24.02
14:28:46.768,282.21609153278854,17.08
14:28:46.813,282.3937084492559,17.08
14:28:46.860,282.03847461632114,23.38
14:28:46.907,281.688970361337,26.66
14:28:46.969,282.4796521185143,22.67
14:28:47.000,282.03847461632114,22.67
14:28:47.062,281.7749140305954,21.45
14:28:47.094,282.03847461632114,22.95
14:28:47.154,281.95253094706277,19.59
14:28:47.199,282.65726903498165,17.2
14:28:47.245,282.3937084492559,29.65
14:28:47.292,281.7749140305954,20.88
14:28:47.337,281.6030266920786,9.2
14:28:47.385,281.688970361337,31.25
14:28:47.431,281.95253094706277,28.91
14:28:47.477,282.3020352020469,13.73
14:28:47.522,281.95253094706277,28.12
14:28:47.567,281.688970361337,28.12
14:28:47.614,281.7749140305954,31.05
14:28:47.659,282.74321270424,10.49
14:28:47.707,282.03847461632114,26.71
14:28:47.754,282.21609153278854,25.85
14:28:47.801,282.3020352020469,29.57
14:28:47.845,282.4796521185143,14.27
14:28:47.906,282.03847461632114,23.11
14:28:47.952,281.86658727780434,32.76
14:28:47.998,282.03847461632114,22.9
14:28:48.044,282.21609153278854,17.13
14:28:48.091,281.1618491898854,28.65
14:28:48.135,282.3937084492559,20.35
14:28:48.181,282.834885951449,22.16
14:28:48.229,281.95253094706277,23.16
14:28:48.275,282.4796521185143,23.16
14:28:48.321,281.6030266920786,28.55
14:28:48.367,281.86658727780434,20.88
14:28:48.413,281.95253094706277,20.99
14:28:48.460,282.4796521185143,23.5
14:28:48.508,282.3020352020469,24.95
14:28:48.556,281.5113534448696,19.88
14:28:48.601,281.95253094706277,19.45
14:28:48.648,282.3937084492559,30.23
14:28:48.695,282.65726903498165,21.0
14:28:48.742,282.4796521185143,24.66
14:28:48.787,281.688970361337,29.65
14:28:48.834,281.6030266920786,19.79
14:28:48.880,282.65726903498165,19.79
14:28:48.927,282.1301478635301,23.67
14:28:48.973,282.3937084492559,22.45
14:28:49.018,281.7749140305954,28.44
14:28:49.063,282.21609153278854,17.77
14:28:49.124,281.7749140305954,24.88
14:28:49.159,281.6030266920786,28.86
14:28:49.218,282.21609153278854,21.83
14:28:49.263,281.688970361337,27.06
14:28:49.309,282.03847461632114,18.96
14:28:49.356,281.7749140305954,27.19
14:28:49.400,282.03847461632114,18.75
14:28:49.446,282.3937084492559,22.12
14:28:49.491,281.42540977561123,35.95
14:28:49.537,282.03847461632114,14.03
14:28:49.582,282.74321270424,14.03
14:28:49.629,281.688970361337,27.06
14:28:49.675,282.3937084492559,20.84
14:28:49.721,281.5113534448696,29.56
14:28:49.768,283.4479507921589,13.16
14:28:49.815,282.3020352020469,24.71
14:28:49.860,282.03847461632114,31.81
14:28:49.908,281.6030266920786,23.16
14:28:49.954,283.889128294352,11.2
14:28:50.000,283.0067732899658,27.86
14:28:50.047,282.74321270424,29.57
14:28:50.095,281.24779285914383,29.57
14:28:50.143,281.688970361337,11.98
14:28:50.203,276.5037023160801,-20.64
14:28:50.236,275.6270768896444,-20.64
14:28:50.296,272.0231723587421,-30.45
14:28:50.342,270.00063134219437,-30.75
14:28:50.388,268.06403399490506,-31.96
14:28:50.435,264.7294196276791,-31.72
14:28:50.481,262.3516447781966,-30.54
14:28:50.517,259.27486141874584,-30.75
14:28:50.575,255.23550896360098,-31.88
14:28:50.621,249.95856767113509,-32.52
14:28:50.667,245.39209404453868,-30.82
14:28:50.712,239.85159216634713,-28.55
14:28:50.751,235.54867912547647,-28.55
14:28:50.805,228.42681373293024,-30.6
14:28:50.847,217.00203529951338,-28.83
14:28:50.897,206.28199495401543,-30.64
14:28:50.944,194.85148694264802,-30.49
14:28:50.990,180.87704632123192,-30.65
14:28:51.036,168.31208187565363,-28.65
14:28:51.083,156.26850902357629,-26.61
14:28:51.127,145.1932348451436,-28.53
14:28:51.175,131.48235480945326,-29.15
14:28:51.222,120.05757637603644,-28.58
14:28:51.269,104.23821165453998,-29.5
14:28:51.315,91.05445279030117,-31.58
14:28:51.361,79.36611377115857,-32.56
14:28:51.407,69.08152134990318,-32.56
14:28:51.468,53.6116608833909,-30.87
14:28:51.515,40.605518935619465,-30.64
14:28:51.562,26.018013473493433,-28.87
14:28:51.610,10.370536090513788,-28.87
14:28:51.656,-0.34950425498416643,-29.99
14:28:51.703,-14.152057537883458,-22.09
14:28:51.748,-27.33581640212226,11.85
14:28:51.793,-38.582977919071745,27.52
14:28:51.840,-45.26366580942483,30.45
14:28:51.885,-51.325559281117414,31.25
14:28:51.931,-56.86606115930904,28.62
14:28:51.976,-61.6101517023728,30.41
14:28:52.024,-66.0047379904524,28.62
14:28:52.069,-70.13576369280624,30.87
14:28:52.115,-74.7939105666116,31.6
14:28:52.161,-79.10255318543281,31.6
14:28:52.207,-80.59797303052899,20.88
14:28:52.253,-78.13425451178814,-11.17
14:28:52.300,-76.3752740809662,-13.29
14:28:52.345,-78.83899259970703,16.26
14:28:52.406,-78.74731935249808,6.85
14:28:52.441,-76.99406849962669,-19.51
14:28:52.499,-78.31187142825551,14.52
14:28:52.532,-79.36611377115857,8.4
14:28:52.592,-77.5211896710782,-4.6
14:28:52.639,-78.74731935249808,22.88
14:28:52.685,-77.34357275461086,-14.62
14:28:52.731,-77.69307700959502,14.06
14:28:52.778,-79.18849685469121,11.25
14:28:52.825,-77.87069392606239,11.25
14:28:52.870,-79.10255318543281,4.72
14:28:52.916,-77.87069392606239,8.48
14:28:52.962,-76.46694732817515,-7.67
14:28:53.008,-78.57543201398127,21.73
14:28:53.055,-78.48375876677231,11.31
14:28:53.103,-77.60713334033662,-11.03
14:28:53.149,-78.48375876677231,23.7
14:28:53.197,-79.45205744041697,15.3
14:28:53.244,-76.46694732817515,0.96
14:28:53.288,-78.22019818104654,23.05
14:28:53.336,-78.39781509751391,8.36
14:28:53.384,-77.08001216888509,8.54
14:28:53.432,-76.63883466669195,24.14
14:28:53.477,-75.23508806880473,29.14
14:28:53.525,-71.98068779288658,29.14
14:28:53.571,-66.0047379904524,30.06
14:28:53.617,-59.06048951437355,29.43
14:28:53.663,-52.649091787696804,30.35
14:28:53.708,-45.441282725892194,28.55
14:28:53.754,-35.94737206181409,31.72
14:28:53.801,-21.623427185413835,32.6
14:28:53.848,0.34950425498416643,29.14
14:28:53.894,26.18990081201024,12.13
14:28:53.942,52.47147487122943,-22.18
14:28:53.987,72.15830470935396,-32.03
14:28:54.032,92.81343322112313,-29.5
14:28:54.078,111.79552497132876,-29.5
14:28:54.126,132.97777465454948,-29.43
14:28:54.188,159.34529238302704,-30.79
14:28:54.250,185.89042702797207,-28.85
14:28:54.296,210.05778682343453,-27.79
14:28:54.343,230.00817724728483,-29.5
14:28:54.375,241.78818951363638,-29.5
14:28:54.436,265.16486755192165,-31.02
14:28:54.470,275.7989642281612,-31.02
14:28:54.526,293.7325432134143,-32.27
14:28:54.574,302.9571637138161,1.89
14:28:54.621,309.9930854371039,25.69
14:28:54.667,317.02327758244115,28.98
14:28:54.712,327.0385798400202,32.68
14:28:54.759,336.2689299183726,29.0
14:28:54.803,343.4767389801771,33.43
14:28:54.849,347.607764682531,32.76
14:28:54.896,351.2116692134333,32.03
14:28:54.943,351.1257255441749,32.27
14:28:54.988,349.0115112804182,32.27
14:28:55.032,345.40760674951594,33.06
14:28:55.080,340.314011951468,32.76
14:28:55.126,334.07450156330805,31.42
14:28:55.187,324.0534697277784,31.88
14:28:55.222,318.0775199253442,34.33
14:28:55.280,311.0473277800069,31.8
14:28:55.327,306.5610682447184,31.23
14:28:55.372,301.7310340323962,30.89
14:28:55.407,298.91781125867124,31.96
14:28:55.464,293.7325432134143,33.06
14:28:55.511,290.3005260210288,32.52
14:28:55.556,285.9059397329492,31.09
14:28:55.602,283.4479507921589,31.81
14:28:55.649,280.1076068469824,13.36
14:28:55.695,280.8982886041597,-16.34
14:28:55.742,283.36200712290054,-16.34
14:28:55.789,282.5655957877727,-4.75
14:28:55.833,280.6347280184339,22.46
14:28:55.880,281.6030266920786,1.88
14:28:55.926,283.09844653717477,-11.96
14:28:55.973,280.98423227341806,20.99
14:28:56.019,282.3020352020469,-1.86
14:28:56.064,282.21609153278854,1.86
14:28:56.110,280.98423227341806,11.33
14:28:56.170,282.834885951449,-14.24
14:28:56.217,282.03847461632114,16.34
14:28:56.251,280.81234493490126,8.56
14:28:56.308,282.3020352020469,-15.27
14:28:56.355,281.688970361337,20.5
14:28:56.402,280.6347280184339,-5.68
14:28:56.448,282.03847461632114,-5.68
14:28:56.495,281.1618491898854,4.6
14:28:56.532,281.95253094706277,5.6
14:28:56.588,282.3937084492559,1.71
14:28:56.635,280.4571111019666,12.84
14:28:56.681,281.86658727780434,-17.17
14:28:56.727,280.98423227341806,17.17
14:28:56.773,281.95253094706277,-1.38
14:28:56.818,282.65726903498165,5.12
14:28:56.865,280.6347280184339,11.96
14:28:56.910,281.6030266920786,-15.15
14:28:56.958,282.834885951449,-15.15
14:28:57.004,281.24779285914383,11.22
14:28:57.049,282.3020352020469,5.5
14:28:57.097,283.4479507921589,-13.67
14:28:57.145,281.3394661063528,17.73
14:28:57.189,280.81234493490126,6.44
14:28:57.250,283.27033387569156,-16.14
14:28:57.282,282.03847461632114,16.26
14:28:57.341,282.03847461632114,-0.85
14:28:57.388,282.4796521185143,-2.83
14:28:57.433,280.7206716876923,17.95
14:28:57.480,282.1301478635301,-13.32
14:28:57.525,282.5655957877727,9.42
14:28:57.571,280.8982886041597,2.77
14:28:57.619,282.03847461632114,-4.08
14:28:57.664,281.0759055206271,-4.08
14:28:57.709,281.3394661063528,12.25
14:28:57.755,282.4796521185143,-11.93
14:28:57.803,280.1076068469824,27.05
14:28:57.851,281.86658727780434,-7.63
14:28:57.898,282.3020352020469,-7.74
14:28:57.944,280.81234493490126,20.03
14:28:57.990,282.3937084492559,-10.47
14:28:58.037,283.62556770862625,-3.85
14:28:58.084,281.5113534448696,21.04
14:28:58.130,281.1618491898854,-7.59
14:28:58.175,281.24779285914383,-1.72
14:28:58.220,281.42540977561123,17.17
14:28:58.266,281.5113534448696,17.17
14:28:58.328,281.6030266920786,21.96
14:28:58.362,281.0759055206271,21.96
14:28:58.420,283.0067732899658,-10.27
14:28:58.466,281.24779285914383,1.9
14:28:58.512,281.3394661063528,13.06
14:28:58.557,282.3937084492559,-7.61
14:28:58.604,280.7206716876923,18.98
14:28:58.649,282.3020352020469,-16.63
14:28:58.694,282.1301478635301,3.68
14:28:58.739,280.98423227341806,15.15
14:28:58.787,281.7749140305954,-12.72
14:28:58.834,282.5655957877727,9.56
14:28:58.879,280.81234493490126,9.56
14:28:58.924,281.86658727780434,4.72
14:28:58.972,282.3937084492559,-10.44
14:28:59.018,281.0759055206271,18.87
14:28:59.065,282.21609153278854,-17.01
14:28:59.111,280.37116743270815,19.79
14:28:59.173,281.7749140305954,-0.47
14:28:59.217,282.03847461632114,-10.34
14:28:59.265,281.0759055206271,14.24
14:28:59.298,282.03847461632114,-15.01
14:28:59.359,281.24779285914383,13.42
14:28:59.404,280.98423227341806,3.79
14:28:59.451,282.834885951449,-0.94
14:28:59.496,281.1618491898854,2.81
14:28:59.543,282.4796521185143,-11.13
14:28:59.590,281.7749140305954,17.9
14:28:59.636,280.98423227341806,17.9
14:28:59.682,282.1301478635301,-9.42
14:28:59.728,281.24779285914383,3.81
14:28:59.775,282.65726903498165,-0.95
14:28:59.822,283.62556770862625,-9.49
14:28:59.863,280.81234493490126,15.34
14:28:59.915,281.3394661063528,-1.88
14:28:59.961,282.9208296207074,-16.1
14:29:00.007,281.5113534448696,17.04
14:29:00.054,280.8982886041597,-2.56
14:29:00.102,281.95253094706277,-6.61
14:29:00.150,281.1618491898854,6.55
14:29:00.197,282.21609153278854,-21.31
14:29:00.242,283.09844653717477,-21.31
14:29:00.287,281.0759055206271,12.93
14:29:00.332,281.86658727780434,3.78
14:29:00.377,282.74321270424,-17.04
14:29:00.424,280.2852237634497,21.89
14:29:00.469,281.6030266920786,-11.93
14:29:00.516,282.5655957877727,-9.56
14:29:00.564,282.3937084492559,9.44
14:29:00.610,281.95253094706277,-17.16
14:29:00.657,281.3394661063528,17.91
14:29:00.718,282.03847461632114,-10.3
14:29:00.753,282.5655957877727,-0.95
14:29:00.810,280.4571111019666,3.78
14:29:00.856,281.5113534448696,-16.14
14:29:00.901,281.95253094706277,8.6
14:29:00.947,280.4571111019666,8.6
14:29:00.996,281.688970361337,-2.56
14:29:01.043,282.5655957877727,-18.87
14:29:01.090,280.7206716876923,17.04
14:29:01.136,282.03847461632114,-15.0
14:29:01.181,281.3394661063528,1.91
14:29:01.227,281.5113534448696,-3.75
14:29:01.275,282.21609153278854,-3.75
14:29:01.320,279.929989930515,10.21
14:29:01.365,281.5113534448696,-18.13
14:29:01.411,282.834885951449,-7.61
14:29:01.458,281.5113534448696,22.46
14:29:01.506,279.1393081733377,-11.18
14:29:01.553,282.1301478635301,-11.18
14:29:01.600,281.7749140305954,-17.31
14:29:01.645,280.81234493490126,14.65
14:29:01.691,282.03847461632114,-18.13
14:29:01.738,280.5487843491755,8.32
14:29:01.785,280.1076068469824,1.88
14:29:01.831,282.3937084492559,-21.89
14:29:01.891,281.0759055206271,1.9
14:29:01.922,281.0759055206271,0.95
14:29:01.982,283.09844653717477,-7.54
14:29:02.021,280.7206716876923,9.42
14:29:02.073,281.42540977561123,-18.94
14:29:02.120,282.74321270424,-8.28
14:29:02.166,281.6030266920786,19.69
14:29:02.211,279.2309814205467,19.69
14:29:02.258,281.95253094706277,-12.88
14:29:02.298,282.21609153278854,-18.79
14:29:02.347,280.2852237634497,17.86
14:29:02.395,282.1301478635301,-17.04
14:29:02.442,281.86658727780434,-3.83
14:29:02.488,281.1618491898854,-3.42
14:29:02.535,282.4796521185143,-10.44
14:29:02.579,281.5113534448696,8.56
14:29:02.640,282.1301478635301,-22.61
14:29:02.686,280.98423227341806,14.68
14:29:02.721,279.4028687590635,14.68
14:29:02.779,281.24779285914383,-19.31
14:29:02.827,281.5113534448696,12.16
14:29:02.873,280.6347280184339,-11.17
14:29:02.919,282.4796521185143,-11.17
14:29:02.963,281.42540977561123,-8.59
14:29:03.008,280.7206716876923,4.77
14:29:03.054,281.5113534448696,-20.5
14:29:03.102,281.42540977561123,10.25
14:29:03.149,282.834885951449,-15.74
14:29:03.195,282.4796521185143,-2.57
14:29:03.242,279.31692508980507,3.3
14:29:03.287,281.688970361337,-17.99
14:29:03.333,282.4796521185143,-4.75
14:29:03.380,281.24779285914383,2.55
14:29:03.427,281.5113534448696,2.55
14:29:03.472,282.834885951449,-21.94
14:29:03.521,280.7206716876923,8.54
14:29:03.567,281.7749140305954,-9.35
14:29:03.612,281.42540977561123,-7.32
14:29:03.659,281.86658727780434,-12.1
14:29:03.704,281.86658727780434,-0.93
14:29:03.752,280.8982886041597,6.02
14:29:03.798,281.6030266920786,-25.74
14:29:03.845,282.74321270424,-1.89
14:29:03.905,281.1618491898854,-1.9
14:29:03.953,282.4796521185143,-16.23
14:29:03.999,280.5487843491755,7.63
14:29:04.046,281.24779285914383,-20.03
14:29:04.091,282.5655957877727,-14.17
14:29:04.136,281.5113534448696,18.04
14:29:04.182,279.31692508980507,18.04
14:29:04.227,282.3020352020469,-18.66
14:29:04.274,281.5113534448696,-12.37
14:29:04.320,281.1618491898854,2.85
14:29:04.365,282.4796521185143,-22.84
14:29:04.412,280.7206716876923,10.44
14:29:04.457,280.98423227341806,-9.29
14:29:04.503,282.21609153278854,-12.7
14:29:04.550,281.688970361337,-6.58
14:29:04.598,281.0759055206271,-8.26
14:29:04.644,281.42540977561123,-3.78
14:29:04.692,280.5487843491755,-3.78
14:29:04.738,281.0759055206271,-5.71
14:29:04.784,282.4796521185143,-20.99
14:29:04.830,281.688970361337,-4.81
14:29:04.891,279.1393081733377,4.77
14:29:04.936,282.03847461632114,-20.53
14:29:04.982,282.1301478635301,-16.8
14:29:05.029,280.8982886041597,6.44
14:29:05.075,282.21609153278854,-27.06
14:29:05.122,280.7206716876923,1.87
14:29:05.169,280.5487843491755,-3.81
14:29:05.216,281.95253094706277,-23.61
14:29:05.261,282.3937084492559,-1.72
14:29:05.309,279.4028687590635,1.72
14:29:05.355,280.8982886041597,-21.5
14:29:05.403,281.86658727780434,-21.5
14:29:05.447,281.1618491898854,-11.08
14:29:05.495,280.5487843491755,-4.7
14:29:05.541,282.3937084492559,-22.29
14:29:05.580,281.24779285914383,0.91
14:29:05.632,282.03847461632114,-21.09
14:29:05.677,280.2852237634497,5.67
14:29:05.724,279.31692508980507,-3.8
14:29:05.771,281.3394661063528,-25.57
14:29:05.817,282.5655957877727,-14.49
14:29:05.862,280.6347280184339,8.52
14:29:05.909,280.1076068469824,8.52
14:29:05.955,281.6030266920786,-21.2
14:29:06.002,281.7749140305954,-17.99
14:29:06.049,279.05336450407935,10.49
14:29:06.096,281.42540977561123,-20.41
14:29:06.155,281.95253094706277,-19.78
14:29:06.201,280.2852237634497,3.82
14:29:06.246,281.688970361337,-21.59
14:29:06.293,282.03847461632114,-17.9
14:29:06.338,281.0759055206271,0.85
14:29:06.385,281.7749140305954,-25.51
14:29:06.432,281.1618491898854,0.95
14:29:06.477,281.688970361337,-20.94
14:29:06.524,282.1301478635301,-2.86
14:29:06.569,280.02166317772395,-2.86
14:29:06.616,281.3394661063528,-8.59
14:29:06.662,281.86658727780434,-29.43
14:29:06.708,280.02166317772395,-1.7
14:29:06.754,279.4028687590635,-6.89
14:29:06.800,281.86658727780434,-25.87
14:29:06.845,282.3020352020469,-19.03
14:29:06.906,280.1935505162408,-0.43
14:29:06.951,282.3937084492559,-21.83
14:29:06.997,281.5113534448696,-7.61
14:29:07.045,280.81234493490126,-13.32
14:29:07.091,281.5113534448696,-17.99
14:29:07.138,280.81234493490126,-5.67
14:29:07.184,281.95253094706277,-23.13
14:29:07.230,281.7749140305954,3.74
14:29:07.275,280.02166317772395,3.74
14:29:07.322,281.7749140305954,-17.9
14:29:07.368,281.7749140305954,-28.13
14:29:07.415,280.1076068469824,4.64
14:29:07.461,281.7749140305954,-21.4
14:29:07.508,281.1618491898854,-19.79
14:29:07.555,280.6347280184339,-11.48
14:29:07.602,281.86658727780434,-24.62
14:29:07.646,280.8982886041597,1.72
14:29:07.693,281.6030266920786,-27.27
14:29:07.738,282.03847461632114,-13.67
14:29:07.785,281.24779285914383,-9.47
14:29:07.831,281.688970361337,-9.47
14:29:07.877,281.7749140305954,-22.67
14:29:07.938,280.81234493490126,-24.5
14:29:07.972,281.7749140305954,-24.5
14:29:08.030,280.8982886041597,-9.29
14:29:08.064,281.1618491898854,-14.31
14:29:08.114,281.688970361337,-23.56
14:29:08.168,281.24779285914383,-11.39
14:29:08.215,281.1618491898854,-19.69
14:29:08.261,281.95253094706277,-11.12
14:29:08.299,280.4571111019666,-8.56
14:29:08.353,280.6347280184339,-25.57
14:29:08.399,281.7749140305954,-28.98
14:29:08.445,281.95253094706277,-28.98
14:29:08.492,278.61218700188624,3.45
14:29:08.539,280.1076068469824,-13.76
14:29:08.586,281.0759055206271,-29.71
14:29:08.632,281.7749140305954,-27.53
14:29:08.677,279.75810259199824,6.66
14:29:08.724,280.37116743270815,-21.78
14:29:08.769,281.3394661063528,-30.68
14:29:08.815,281.95253094706277,-15.48
14:29:08.860,279.05336450407935,-3.28
14:29:08.907,279.929989930515,-26.73
14:29:08.968,281.3394661063528,-29.57
14:29:09.016,282.21609153278854,-10.24
14:29:09.062,279.58048567553084,-6.88
14:29:09.109,279.929989930515,-24.88
14:29:09.141,280.7206716876923,-24.88
14:29:09.189,281.7749140305954,-31.09
14:29:09.236,280.98423227341806,-17.0
14:29:09.282,279.4028687590635,-6.61
14:29:09.343,281.3394661063528,-26.8
14:29:09.388,282.21609153278854,-35.04
14:29:09.436,280.2852237634497,-2.78
14:29:09.482,278.26268274690204,-9.49
14:29:09.529,279.49454200627247,-28.91
14:29:09.576,280.8982886041597,-29.28
14:29:09.621,281.688970361337,-24.56
14:29:09.667,281.86658727780434,-16.14
14:29:09.712,281.1618491898854,-16.14
14:29:09.758,281.42540977561123,-22.84
14:29:09.805,281.42540977561123,-27.87
14:29:09.851,280.5487843491755,-9.35
14:29:09.896,281.688970361337,-27.03
14:29:09.942,281.0759055206271,-19.64
14:29:09.989,281.7749140305954,-23.21
14:29:10.036,281.24779285914383,-20.03
14:29:10.081,281.42540977561123,-26.24
14:29:10.126,281.0759055206271,-11.93
14:29:10.188,281.3394661063528,-26.45
14:29:10.235,281.0759055206271,-26.06
14:29:10.282,281.86658727780434,-17.04
14:29:10.343,280.7206716876923,-18.96
14:29:10.389,281.688970361337,-31.41
14:29:10.435,280.5487843491755,-15.19
14:29:10.482,280.98423227341806,-26.38
14:29:10.526,281.6030266920786,-30.87
14:29:10.572,281.7749140305954,-30.87
14:29:10.619,280.7206716876923,-13.96
14:29:10.666,281.1618491898854,-21.31
14:29:10.711,281.5113534448696,-28.93
14:29:10.756,281.5113534448696,-27.27
14:29:10.803,280.7206716876923,-16.19
14:29:10.851,281.7749140305954,-28.31
14:29:10.898,281.3394661063528,-20.68
14:29:10.944,281.688970361337,-30.3
14:29:10.991,281.24779285914383,-14.27
14:29:11.039,281.7749140305954,-30.15
14:29:11.085,281.42540977561123,-24.26
14:29:11.132,281.24779285914383,-24.26
14:29:11.178,281.0759055206271,-21.26
14:29:11.222,280.37116743270815,-12.91
14:29:11.267,281.42540977561123,-32.19
14:29:11.314,281.1618491898854,-22.39
14:29:11.360,281.3394661063528,-22.73
14:29:11.407,281.688970361337,-29.57
14:29:11.468,281.6030266920786,-24.99
14:29:11.514,281.6030266920786,-22.86
14:29:11.561,281.5113534448696,-24.56
14:29:11.606,281.6030266920786,-31.4
14:29:11.655,280.5487843491755,-22.36
14:29:11.700,281.1618491898854,-27.76
14:29:11.744,281.7749140305954,-27.33
14:29:11.792,281.6030266920786,-28.13
14:29:11.838,281.24779285914383,-22.07
14:29:11.886,280.81234493490126,-22.07
14:29:11.931,281.42540977561123,-27.39
14:29:11.976,281.42540977561123,-27.45
14:29:12.021,281.6030266920786,-24.83
14:29:12.069,281.42540977561123,-24.74
14:29:12.114,281.1618491898854,-32.35
14:29:12.162,281.24779285914383,-25.38
14:29:12.210,281.42540977561123,-24.44
14:29:12.257,281.24779285914383,-21.94
14:29:12.302,281.5113534448696,-33.46
14:29:12.347,281.7749140305954,-26.51
14:29:12.396,280.81234493490126,-26.51
14:29:12.441,280.81234493490126,-23.5
14:29:12.489,281.0759055206271,-29.8
14:29:12.537,281.3394661063528,-27.26
14:29:12.584,281.6030266920786,-29.17
14:29:12.629,280.81234493490126,-23.61
14:29:12.677,281.24779285914383,-31.67
14:29:12.721,281.5113534448696,-31.12
14:29:12.769,281.3394661063528,-24.89
14:29:12.815,281.42540977561123,-25.32
14:29:12.861,281.24779285914383,-30.16
14:29:12.907,281.6030266920786,-29.07
14:29:12.969,281.3394661063528,-24.74
14:29:13.000,281.6030266920786,-31.33
14:29:13.063,281.0759055206271,-28.38
14:29:13.096,281.5113534448696,-29.43
14:29:13.153,281.1618491898854,-30.45
14:29:13.198,281.5113534448696,-30.45
14:29:13.244,280.8982886041597,-27.94
14:29:13.291,281.24779285914383,-26.84
14:29:13.336,281.0759055206271,-30.38
14:29:13.383,281.5113534448696,-31.57
14:29:13.429,281.5113534448696,-29.5
14:29:13.476,280.98423227341806,-26.8
14:29:13.521,281.1618491898854,-30.79
14:29:13.568,280.98423227341806,-33.22
14:29:13.614,281.3394661063528,-30.6
14:29:13.658,280.98423227341806,-26.78
14:29:13.704,280.6347280184339,-26.78
14:29:13.765,280.7206716876923,-30.79
14:29:13.812,280.7206716876923,-32.43
14:29:13.860,280.98423227341806,-30.53
14:29:13.906,280.6347280184339,-30.53
14:29:13.953,280.98423227341806,-29.65
14:29:13.998,280.2852237634497,-30.49
14:29:14.034,280.4571111019666,-31.81
14:29:14.089,280.6347280184339,-32.6
14:29:14.135,280.02166317772395,-30.64
14:29:14.182,280.2852237634497,-32.19
14:29:14.227,279.8440462612566,-31.49
14:29:14.274,279.929989930515,-31.81
14:29:14.321,279.4028687590635,-29.57
14:29:14.369,279.1393081733377,-32.27
14:29:14.416,278.70386024909516,-31.48
14:29:14.461,278.4402996633694,-31.48
14:29:14.509,277.9074489139673,-30.6
14:29:14.555,277.11676715679,-31.56
14:29:14.599,276.5037023160801,-30.54
14:29:14.646,275.89063747537017,-30.57
14:29:14.691,275.1858993874513,-32.19
14:29:14.738,274.04571337528984,-29.8
14:29:14.784,272.9857414544362,-30.48
14:29:14.830,271.8455554422747,-30.95
14:29:14.876,270.3501355971785,-32.03
14:29:14.938,268.2416509113724,-31.16
14:29:15.016,264.55180271121174,-30.15
14:29:15.076,261.56096302101935,-33.64
14:29:15.111,259.5384220044716,-33.64
14:29:15.167,255.49906954932672,-31.16
14:29:15.211,251.80922134916602,-30.42
14:29:15.257,247.58652239960324,-29.07
14:29:15.305,242.13769376862058,-32.6
14:29:15.351,235.72056646399324,-31.16
14:29:15.397,228.86799123512338,-30.57
14:29:15.445,221.13306100186725,-31.56
14:29:15.491,211.20370241354655,-32.52
14:29:15.537,200.56387615935645,-31.02
14:29:15.582,188.87553714021385,-29.95
14:29:15.628,176.48246003315234,-27.86
14:29:15.675,164.44461675902554,-27.86
14:29:15.720,153.0198383256087,-27.92
14:29:15.766,141.68100356145027,-28.78
14:29:15.827,124.45216266411603,-28.86
14:29:15.870,110.91889954489307,-27.99
14:29:15.918,96.50328142128383,-29.57
14:29:15.963,84.2878212306897,-29.93
14:29:16.009,73.39016396872438,-31.68
14:29:16.054,62.92795463100163,-29.79
14:29:16.101,51.944353699777906,-29.0
14:29:16.146,39.11009909052327,-30.28
14:29:16.193,24.259033042671483,-27.19
14:29:16.240,9.40223741686913,-29.64
14:29:16.287,-2.0225410165477165,-25.74
14:29:16.334,-14.238001207141858,7.64
14:29:16.380,-29.266684171461016,7.64
14:29:16.427,-39.20177233773224,24.26
14:29:16.473,-46.05434756660212,31.19
14:29:16.520,-53.08453971193937,33.05
14:29:16.565,-58.0062471714705,30.03
14:29:16.611,-63.0196278782106,29.93
14:29:16.671,-69.16746501916158,31.8
14:29:16.716,-73.65372455445015,31.88
14:29:16.762,-77.78475025680397,31.74
14:29:16.808,-81.12509420198052,19.79
14:29:16.853,-80.24273919759426,-11.12
14:29:16.901,-76.73050791390091,-25.5
14:29:16.948,-76.90239525241772,8.56
14:29:16.994,-79.18849685469121,16.51
14:29:17.039,-78.66137568323968,-20.48
14:29:17.081,-76.11171349524042,-20.48
14:29:17.129,-78.57543201398127,7.58
14:29:17.176,-79.45205744041697,14.82
14:29:17.222,-77.25762908535245,-17.09
14:29:17.270,-76.28933041170778,8.56
14:29:17.318,-78.74731935249808,13.09
14:29:17.365,-77.16595583814349,-12.37
14:29:17.411,-78.48375876677231,18.13
14:29:17.457,-78.92493626896544,0.94
14:29:17.503,-76.90239525241772,-7.6
14:29:17.549,-77.95663759532079,19.88
14:29:17.595,-79.01087993822384,1.88
14:29:17.641,-77.16595583814349,1.88
14:29:17.702,-78.13425451178814,21.78
14:29:17.746,-78.48375876677231,21.78
14:29:17.792,-77.42951642386925,-2.39
14:29:17.837,-78.13425451178814,4.73
14:29:17.883,-79.10255318543281,22.84
14:29:17.929,-77.25762908535245,-8.46
14:29:17.975,-77.60713334033662,11.39
14:29:18.021,-79.10255318543281,28.37
14:29:18.068,-77.60713334033662,-6.53
14:29:18.116,-76.73050791390091,13.13
14:29:18.161,-78.66137568323968,25.94
14:29:18.208,-77.78475025680397,4.62
14:29:18.255,-77.87069392606239,19.74
14:29:18.302,-78.83899259970703,19.74
14:29:18.348,-76.3752740809662,0.85
14:29:18.394,-76.73050791390091,5.71
14:29:18.441,-78.31187142825551,27.53
14:29:18.486,-79.18849685469121,25.69
14:29:18.546,-75.67626557099786,-14.1
14:29:18.582,-76.3752740809662,17.86
14:29:18.638,-78.13425451178814,29.17
14:29:18.685,-78.22019818104654,17.82
14:29:18.732,-76.73050791390091,8.54
14:29:18.777,-77.78475025680397,26.6
14:29:18.824,-78.39781509751391,26.56
14:29:18.870,-77.69307700959502,-1.69
14:29:18.917,-76.2033867424494,23.22
14:29:18.965,-77.42951642386925,23.22
14:29:19.011,-78.13425451178814,28.85
14:29:19.056,-77.87069392606239,26.06
14:29:19.102,-76.2033867424494,9.17
14:29:19.149,-77.5211896710782,27.46
14:29:19.196,-77.87069392606239,32.35
14:29:19.242,-77.87069392606239,17.13
14:29:19.287,-76.02576982598202,17.21
14:29:19.333,-77.25762908535245,30.23
14:29:19.379,-76.99406849962669,31.46
14:29:19.425,-78.22019818104654,21.73
14:29:19.470,-77.34357275461086,21.73
14:29:19.518,-77.87069392606239,25.57
14:29:19.564,-78.31187142825551,30.49
14:29:19.611,-77.95663759532079,27.99
14:29:19.659,-76.02576982598202,16.14
14:29:19.705,-76.81645158315932,30.03
14:29:19.751,-76.73050791390091,30.75
14:29:19.813,-76.63883466669195,30.82
14:29:19.850,-77.25762908535245,31.39
14:29:19.904,-77.08001216888509,29.65
14:29:19.953,-77.25762908535245,32.74
14:29:19.989,-77.08001216888509,30.87
14:29:20.045,-76.90239525241772,31.18
14:29:20.093,-76.55289099743356,32.52
14:29:20.141,-76.3752740809662,31.74
14:29:20.186,-75.76220924025627,31.17
14:29:20.231,-75.4127049852721,31.17
14:29:20.277,-74.7079668973532,30.38
14:29:20.323,-74.18084572590168,29.72
14:29:20.371,-73.39016396872438,31.17
14:29:20.418,-72.59948221154707,30.79
14:29:20.464,-71.45356662143507,31.53
14:29:20.510,-70.49099752574097,32.34
14:29:20.556,-69.16746501916158,31.72
14:29:20.601,-67.4142141662902,30.23
14:29:20.647,-65.74117740472663,29.57
14:29:20.692,-64.07387022111365,29.57
14:29:20.739,-61.70182494958176,30.83
14:29:20.786,-58.71098525938939,32.43
14:29:20.833,-55.98370615492278,30.75
14:29:20.879,-53.17621295914833,34.01
14:29:20.926,-49.57230842824602,29.57
14:29:20.972,-45.086048892957464,32.52
14:29:21.020,-39.551276592716405,30.89
14:29:21.067,-33.48365354307325,31.53
14:29:21.114,-24.259033042671483,30.94
14:29:21.159,-11.865955935609977,31.25
14:29:21.205,8.084434488240307,32.72
14:29:21.251,32.42941120017019,-12.69
14:29:21.313,60.64185302872814,-27.59
14:29:21.347,71.45356662143507,-30.78
14:29:21.391,90.17782736386549,-30.78
14:29:21.452,115.49110274944002,-29.99
14:29:21.499,133.4189521567426,-30.91
14:29:21.545,151.8739227354967,-30.91
14:29:21.589,168.1344649591863,-29.79
14:29:21.637,185.89042702797207,-29.0
14:29:21.682,204.6949018617103,-27.94
14:29:21.728,221.83779908978613,-30.64
14:29:21.776,238.62546248492723,-30.6
14:29:21.821,252.33634252061754,-31.23
14:29:21.869,266.0472225563079,-32.52
14:29:21.915,276.8532065710642,-31.65
14:29:21.961,287.66492016377117,-20.64
14:29:22.007,295.7493546520115,12.31
14:29:22.053,300.84867902801,26.0
14:29:22.100,304.716144144638,26.0
14:29:22.146,308.7612261777335,30.72
14:29:22.194,313.9464942229904,29.21
14:29:22.239,319.2177059375056,30.42
14:29:22.283,325.8124501586003,28.98
14:29:22.331,335.82775241617946,31.33
14:29:22.376,350.94810862770754,29.43
14:29:22.423,367.82171569210703,32.76
14:29:22.469,393.22093474694003,-7.48
14:29:22.516,415.54910002027265,-28.91
14:29:22.577,437.6079751299291,-31.8
14:29:22.621,450.87767766342625,-31.49
14:29:22.669,470.03738633009925,-33.59
14:29:22.716,492.273878356223,-32.5
14:29:22.763,508.4484769106542,-29.95
14:29:22.810,524.0042810464249,-31.34
14:29:22.857,542.550924872388,-32.19
14:29:22.902,560.0375967774974,-32.19
14:29:22.947,576.298139001187,-30.89
14:29:22.994,592.2091769698924,-30.35
14:29:23.041,604.3386934912282,-30.45
14:29:23.087,615.4082380917102,-31.49
14:29:23.134,626.7470728558687,-29.65
14:29:23.178,636.4186004364142,-28.62
14:29:23.225,645.4713335982991,-29.93
14:29:23.271,650.9201622292818,2.88
14:29:23.316,653.2005342536046,24.38
14:29:23.363,654.5240667601842,30.03
14:29:23.409,655.6642527723455,30.03
14:29:23.455,656.8961120317159,31.6
14:29:23.502,658.3915318768121,31.48
14:29:23.548,659.9728953911667,30.82
14:29:23.596,661.6402025747798,30.75
14:29:23.641,663.8403605077948,30.6
14:29:23.689,666.2124057793267,29.64
14:29:23.750,669.3751328080359,31.17
14:29:23.795,672.8014204224709,32.04
14:29:23.841,675.7922601126631,32.5
14:29:23.888,680.7139675721943,31.64
14:29:23.934,687.4805991318057,30.72
14:29:23.979,696.2697717079651,32.43
14:29:24.025,710.2442123293812,30.54
14:29:24.070,724.2186529507973,30.76
14:29:24.115,728.7908561553442,-4.68
14:29:24.160,732.4807043555048,-4.68
14:29:24.205,731.6040789290691,-26.97
14:29:24.251,721.4913738463306,-30.79
14:29:24.299,697.937078891578,-20.94
14:29:24.344,678.869043472114,11.9
14:29:24.391,664.3674816792463,26.51
14:29:24.453,648.2788267940737,31.4
14:29:24.489,636.5904877749309,29.86
14:29:24.542,622.0889259820633,-3.68
14:29:24.587,613.2997534059042,-24.74
14:29:24.633,603.9834596582933,-31.4
14:29:24.678,594.4895489942153,-30.61
14:29:24.725,583.7695086487174,-30.48
14:29:24.770,571.376431541656,-30.48
14:29:24.817,557.9291120916913,-30.89
14:29:24.863,543.3416066295653,-29.64
14:29:24.909,541.7602431152108,-32.1
14:29:24.957,514.7739309680726,-31.19
14:29:25.003,501.8537326895596,-29.85
14:29:25.049,488.9335344110465,-34.11
14:29:25.095,474.69553320390463,-31.34
14:29:25.143,459.75852348679445,-33.08
14:29:25.190,448.15612813691024,-34.33
14:29:25.236,439.63051614647685,-32.87
14:29:25.297,430.2225491516571,-30.0
14:29:25.329,425.12895435360923,-30.0
14:29:25.377,418.62588337972346,-31.65
14:29:25.423,410.2721587278068,-34.18
14:29:25.469,398.4978760394058,-31.72
14:29:25.518,406.4046936111788,-32.63
14:29:25.577,409.92265447282267,-30.85
14:29:25.623,411.68163490364464,-32.1
14:29:25.670,406.8458711133719,-29.79
14:29:25.715,404.0326483396469,-28.13
14:29:25.762,395.7705969349392,-32.17
14:29:25.808,387.7721061159573,-32.66
14:29:25.855,376.0837670968147,-31.72
14:29:25.900,366.5039127634782,-31.32
14:29:25.945,359.2961037016736,-31.8
14:29:25.992,340.7494598757105,-2.6
14:29:26.039,323.96752605852,23.43
14:29:26.086,313.6829336372646,31.48
14:29:26.133,304.8937610611054,31.48
14:29:26.178,296.4540927399304,30.83
14:29:26.226,287.8425370802385,32.68
14:29:26.273,280.2852237634497,30.57
14:29:26.320,273.9540401280808,19.69
14:29:26.365,270.00063134219437,-11.39
14:29:26.412,267.3650254849368,-28.41
14:29:26.459,262.3516447781966,-30.38
14:29:26.507,258.1346754065844,-31.72
14:29:26.554,252.50822985913436,-31.04
14:29:26.600,247.15107447536067,-31.17
14:29:26.645,241.26106834218487,-31.89
14:29:26.693,234.05325928038025,-30.76
14:29:26.740,226.31832904712414,-28.55
14:29:26.786,217.44321280170655,-28.55
14:29:26.833,209.97184315417613,-31.48
14:29:26.878,203.46877218029044,-32.9
14:29:26.923,197.756382963582,-32.1
14:29:26.984,189.8438358138585,-28.79
14:29:27.018,186.2399312829562,-28.86
14:29:27.077,180.3499251497804,-28.72
14:29:27.122,175.95533886170082,-27.13
14:29:27.168,170.86174406365288,-27.1
14:29:27.215,166.3754845283643,-28.93
14:29:27.262,162.42207574247786,-26.99
14:29:27.307,158.73222754231713,-28.78
14:29:27.353,158.20510637086562,-28.79
14:29:27.400,150.90562406185202,-31.19
14:29:27.447,146.6027110209814,-29.64
14:29:27.494,143.87543191651477,-30.79
14:29:27.540,141.5033866449829,-30.79
14:29:27.586,139.8360794613699,-31.25
14:29:27.634,140.09964004709568,-30.72
14:29:27.681,139.57251887564416,-28.93
14:29:27.727,140.89032180427296,-28.94
14:29:27.774,142.47168531862758,-30.94
14:29:27.821,143.61187133078903,-28.86
14:29:27.868,144.2306657494495,-27.03
14:29:27.915,144.2306657494495,-25.87
14:29:27.961,144.49422633517528,-28.13
14:29:28.008,144.75778692090103,-29.5
14:29:28.053,144.49422633517528,-29.71
14:29:28.099,145.0213475066268,-29.93
14:29:28.145,144.92967425941785,-32.1
14:29:28.192,145.0213475066268,-32.1
14:29:28.238,145.1932348451436,-28.13
14:29:28.286,145.72035601659513,-30.21
14:29:28.331,146.07558984952988,-26.99
14:29:28.378,146.51103777377244,-29.79
14:29:28.424,146.6886546902398,-28.78
14:29:28.469,146.95221527596556,-28.86
14:29:28.516,147.12983219243293,-26.06
14:29:28.564,146.95221527596556,-28.85
14:29:28.622,146.6027110209814,-28.79
14:29:28.670,146.16153351878827,-30.0
14:29:28.716,145.8120292638041,-29.44
14:29:28.762,145.37085176161096,-29.0
14:29:28.810,145.0213475066268,-30.87
14:29:28.858,144.40255308796634,-28.72
14:29:28.903,144.40255308796634,-29.71
14:29:28.949,144.2306657494495,-30.57
14:29:28.996,144.3166094187079,-30.41
14:29:29.043,144.75778692090103,-30.41
14:29:29.089,145.0213475066268,-30.72
14:29:29.136,145.54846867807834,-29.79
14:29:29.182,146.07558984952988,-28.66
14:29:29.227,146.77459835949819,-29.86
14:29:29.274,147.65695336388447,-29.29
14:29:29.319,148.6252520375291,-30.82
14:29:29.364,150.11494230467474,-29.82
14:29:29.412,151.52441848051254,-29.86
14:29:29.458,153.63290316631864,-29.79
14:29:29.505,155.03664976420586,-28.91
14:29:29.550,156.70968652576943,-28.91
14:29:29.597,158.46866695659136,-29.64
14:29:29.642,160.22191780946278,-29.79
14:29:29.688,161.45377706883318,-31.32
14:29:29.750,163.29870116891354,-28.86
14:29:29.797,164.44461675902554,-28.06
14:29:29.830,164.88006468326813,-28.53
14:29:29.890,164.97173793047708,-30.87
14:29:29.937,163.82582234036505,-29.0
14:29:29.971,162.6856363282036,-29.79
14:29:30.029,161.71733765455895,-28.47
14:29:30.076,155.91900476859212,-28.65
14:29:30.123,151.43274523330354,-29.71
14:29:30.171,146.86627160670716,-28.58
14:29:30.205,143.61187133078903,-28.86
14:29:30.263,136.05455801400024,-31.05
14:29:30.310,129.7291039565819,-29.93
14:29:30.356,126.29708676419638,-31.09
14:29:30.401,123.48386399047136,-31.09
14:29:30.449,120.58469754748796,-30.21
14:29:30.494,119.00333403313337,-27.92
14:29:30.540,117.86314802097192,-30.87
14:29:30.587,116.80890567806885,-29.56
14:29:30.635,116.28178450661733,-29.64
14:29:30.682,115.49110274944002,-29.71
14:29:30.727,115.13586891650532,-31.47
14:29:30.772,115.0499252472469,-29.08
14:29:30.819,115.2218125857637,-29.44
14:29:30.865,115.92655067368258,-29.86
14:29:30.911,116.7172324308599,-29.71
14:29:30.960,117.50791418803718,-29.63
14:29:31.007,117.77147477376293,-29.63
14:29:31.054,117.94909169023033,-28.79
14:29:31.099,117.77147477376293,-28.58
14:29:31.145,117.68553110450453,-29.56
14:29:31.190,117.24435360231142,-29.79
14:29:31.237,116.80890567806885,-27.26
14:29:31.284,116.6312887616015,-28.78
14:29:31.331,116.45367184513412,-23.57
14:29:31.376,116.45367184513412,-18.67
14:29:31.424,116.6312887616015,-16.75
14:29:31.469,116.54534509234308,-15.0
14:29:31.531,116.01822392089156,-13.64
14:29:31.577,114.78636466152113,-12.94
14:29:31.622,113.64044907140911,-11.93
14:29:31.669,112.32264614278027,-11.09
14:29:31.716,110.91889954489307,-9.26
14:29:31.758,109.95060087124841,-9.26
14:29:31.798,108.63279794261958,-8.37
14:29:31.855,106.96549075900658,-7.48
14:29:31.903,105.37839766670143,-6.5
14:29:31.950,104.32415532379838,-5.08
14:29:31.995,103.09802564237852,-4.6
14:29:32.042,102.30734388520123,-3.37
14:29:32.087,101.33904521155657,-2.8
14:29:32.134,100.72025079289608,-1.86
14:29:32.178,100.37074653791191,-2.51
14:29:32.226,100.37074653791191,-0.83
14:29:32.273,100.2848028686535,0.46
14:29:32.359,100.54836345437927,0.93
14:29:32.389,100.98381137862184,0.18
